doc_id,source,category,file_path,file_name,status,priority
abs_abs_rules_attachments_automaticandremotecontrolmonitoringforvesselsinportnov2010_26312d3a,ABS,GENERAL,C:/projects/MaritimeRAG/data/raw_pdfs/ABS rules/Attachments_AutomaticandRemoteControlMonitoringforVesselsinPortnov2010.pdf,Attachments_AutomaticandRemoteControlMonitoringforVesselsinPortnov2010.pdf,pending,3
abs_abs_rules_attachments_automaticorremotecontrolandmonitoringformachineryandsystemsotherthanpropulsionjul2024_f2f469bc,ABS,GENERAL,C:/projects/MaritimeRAG/data/raw_pdfs/ABS rules/Attachments_AutomaticorRemoteControlandMonitoringforMachineryandSystemsotherthanPropulsionjul2024.pdf,Attachments_AutomaticorRemoteControlandMonitoringforMachineryandSystemsotherthanPropulsionjul2024.pdf,pending,3
abs_abs_rules_attachments_conditionsofclassificationpart1ashipsjan2026_30d8152e,ABS,GENERAL,C:/projects/MaritimeRAG/data/raw_pdfs/ABS rules/Attachments_ConditionsofClassificationPart1AShipsjan2026.pdf,Attachments_ConditionsofClassificationPart1AShipsjan2026.pdf,pending,3
abs_abs_rules_guidancenotesonsmartfunctionimplementation_v1_b275249c,ABS,GUIDANCE,C:/projects/MaritimeRAG/data/raw_pdfs/ABS rules/GuidanceNotesonSmartFunctionImplementation-v1.pdf,GuidanceNotesonSmartFunctionImplementation-v1.pdf,pending,3
abs_abs_rules_guideforsmartfunctionsformarinevesselsandoffshoreunits_v8_bbfd9d9e,ABS,GUIDE,C:/projects/MaritimeRAG/data/raw_pdfs/ABS rules/GuideforSmartFunctionsforMarineVesselsandOffshoreUnits-v8.pdf,GuideforSmartFunctionsforMarineVesselsandOffshoreUnits-v8.pdf,pending,3
abs_abs_rules_mvr_jan_2026_full_set_mvr_part_3_jan26_e16c2fa7,ABS,GENERAL,C:/projects/MaritimeRAG/data/raw_pdfs/ABS rules/mvr-jan-2026-full-set/mvr-part-3-jan26.pdf,mvr-part-3-jan26.pdf,pending,3
abs_abs_rules_mvr_jan_2026_full_set_mvr_part_4_jan26_495b4746,ABS,GENERAL,C:/projects/MaritimeRAG/data/raw_pdfs/ABS rules/mvr-jan-2026-full-set/mvr-part-4-jan26.pdf,mvr-part-4-jan26.pdf,pending,3
abs_abs_rules_mvr_jan_2026_full_set_mvr_part_5a5b_jan25_600acf0a,ABS,GENERAL,C:/projects/MaritimeRAG/data/raw_pdfs/ABS rules/mvr-jan-2026-full-set/mvr-part-5a5b-jan25.pdf,mvr-part-5a5b-jan25.pdf,pending,3
abs_abs_rules_mvr_jan_2026_full_set_mvr_part_5c1_jan26_a4ef6929,ABS,GENERAL,C:/projects/MaritimeRAG/data/raw_pdfs/ABS rules/mvr-jan-2026-full-set/mvr-part-5c1-jan26.pdf,mvr-part-5c1-jan26.pdf,pending,3
abs_abs_rules_mvr_jan_2026_full_set_mvr_part_5c2_jan26_c377c623,ABS,GENERAL,C:/projects/MaritimeRAG/data/raw_pdfs/ABS rules/mvr-jan-2026-full-set/mvr-part-5c2-jan26.pdf,mvr-part-5c2-jan26.pdf,pending,3
abs_abs_rules_mvr_jan_2026_full_set_mvr_part_5d_jan26_1b581284,ABS,GENERAL,C:/projects/MaritimeRAG/data/raw_pdfs/ABS rules/mvr-jan-2026-full-set/mvr-part-5d-jan26.pdf,mvr-part-5d-jan26.pdf,pending,3
abs_abs_rules_mvr_jan_2026_full_set_mvr_part_6_jan26_29f89534,ABS,GENERAL,C:/projects/MaritimeRAG/data/raw_pdfs/ABS rules/mvr-jan-2026-full-set/mvr-part-6-jan26.pdf,mvr-part-6-jan26.pdf,pending,3
abs_abs_rules_requirementsforautonomousandremotecontrolfunctions_v4_1d89b7bb,ABS,REQUIREMENT,C:/projects/MaritimeRAG/data/raw_pdfs/ABS rules/RequirementsforAutonomousandRemoteControlFunctions-v4.pdf,RequirementsforAutonomousandRemoteControlFunctions-v4.pdf,pending,3
abs_abs_rules_survey_after_construction_part_7_jan_2026_11_e6515c45,ABS,RULES,C:/projects/MaritimeRAG/data/raw_pdfs/ABS rules/Survey-After-Construction---Part-7-jan-2026 (11).pdf,Survey-After-Construction---Part-7-jan-2026 (11).pdf,pending,3
dnv_dnv_class_2026_04_csr_h_01_jan_2024_35dd3e27,DNV,GENERAL,C:/projects/MaritimeRAG/data/raw_pdfs/dnv-class_2026-04/csr-h-01-jan-2024.pdf,csr-h-01-jan-2024.pdf,pending,3
dnv_dnv_class_2026_04_dnv_cg_0004_181c8006,DNV,GENERAL,C:/projects/MaritimeRAG/data/raw_pdfs/dnv-class_2026-04/DNV-CG-0004.pdf,DNV-CG-0004.pdf,pending,3
dnv_dnv_class_2026_04_dnv_cg_0036_ed27fc68,DNV,GENERAL,C:/projects/MaritimeRAG/data/raw_pdfs/dnv-class_2026-04/DNV-CG-0036.pdf,DNV-CG-0036.pdf,pending,3
dnv_dnv_class_2026_04_dnv_cg_0037_1f169d59,DNV,GENERAL,C:/projects/MaritimeRAG/data/raw_pdfs/dnv-class_2026-04/DNV-CG-0037.pdf,DNV-CG-0037.pdf,pending,3
dnv_dnv_class_2026_04_dnv_cg_0038_1806d398,DNV,GENERAL,C:/projects/MaritimeRAG/data/raw_pdfs/dnv-class_2026-04/DNV-CG-0038.pdf,DNV-CG-0038.pdf,pending,3
dnv_dnv_class_2026_04_dnv_cg_0039_d4de4202,DNV,GENERAL,C:/projects/MaritimeRAG/data/raw_pdfs/dnv-class_2026-04/DNV-CG-0039.pdf,DNV-CG-0039.pdf,pending,3
dnv_dnv_class_2026_04_dnv_cg_0040_96652173,DNV,GENERAL,C:/projects/MaritimeRAG/data/raw_pdfs/dnv-class_2026-04/DNV-CG-0040.pdf,DNV-CG-0040.pdf,pending,3
dnv_dnv_class_2026_04_dnv_cg_0041_a4130e69,DNV,GENERAL,C:/projects/MaritimeRAG/data/raw_pdfs/dnv-class_2026-04/DNV-CG-0041.pdf,DNV-CG-0041.pdf,pending,3
dnv_dnv_class_2026_04_dnv_cg_0042_7cce5202,DNV,GENERAL,C:/projects/MaritimeRAG/data/raw_pdfs/dnv-class_2026-04/DNV-CG-0042.pdf,DNV-CG-0042.pdf,pending,3
dnv_dnv_class_2026_04_dnv_cg_0044_4f0b2c5e,DNV,GENERAL,C:/projects/MaritimeRAG/data/raw_pdfs/dnv-class_2026-04/DNV-CG-0044.pdf,DNV-CG-0044.pdf,pending,3
dnv_dnv_class_2026_04_dnv_cg_0051_ab7613c3,DNV,GENERAL,C:/projects/MaritimeRAG/data/raw_pdfs/dnv-class_2026-04/DNV-CG-0051.pdf,DNV-CG-0051.pdf,pending,3
dnv_dnv_class_2026_04_dnv_cg_0053_5960c69a,DNV,GENERAL,C:/projects/MaritimeRAG/data/raw_pdfs/dnv-class_2026-04/DNV-CG-0053.pdf,DNV-CG-0053.pdf,pending,3
dnv_dnv_class_2026_04_dnv_cg_0058_314b37e4,DNV,GENERAL,C:/projects/MaritimeRAG/data/raw_pdfs/dnv-class_2026-04/DNV-CG-0058.pdf,DNV-CG-0058.pdf,pending,3
dnv_dnv_class_2026_04_dnv_cg_0060_63fb5519,DNV,GENERAL,C:/projects/MaritimeRAG/data/raw_pdfs/dnv-class_2026-04/DNV-CG-0060.pdf,DNV-CG-0060.pdf,pending,3
dnv_dnv_class_2026_04_dnv_cg_0063_f757bbf8,DNV,GENERAL,C:/projects/MaritimeRAG/data/raw_pdfs/dnv-class_2026-04/DNV-CG-0063.pdf,DNV-CG-0063.pdf,pending,3
dnv_dnv_class_2026_04_dnv_cg_0121_f105222f,DNV,GENERAL,C:/projects/MaritimeRAG/data/raw_pdfs/dnv-class_2026-04/DNV-CG-0121.pdf,DNV-CG-0121.pdf,pending,3
dnv_dnv_class_2026_04_dnv_cg_0127_b487a18b,DNV,GENERAL,C:/projects/MaritimeRAG/data/raw_pdfs/dnv-class_2026-04/DNV-CG-0127.pdf,DNV-CG-0127.pdf,pending,3
dnv_dnv_class_2026_04_dnv_cg_0128_db075599,DNV,GENERAL,C:/projects/MaritimeRAG/data/raw_pdfs/dnv-class_2026-04/DNV-CG-0128.pdf,DNV-CG-0128.pdf,pending,3
dnv_dnv_class_2026_04_dnv_cg_0129_02a84241,DNV,GENERAL,C:/projects/MaritimeRAG/data/raw_pdfs/dnv-class_2026-04/DNV-CG-0129.pdf,DNV-CG-0129.pdf,pending,3
dnv_dnv_class_2026_04_dnv_cg_0130_8b2947e6,DNV,GENERAL,C:/projects/MaritimeRAG/data/raw_pdfs/dnv-class_2026-04/DNV-CG-0130.pdf,DNV-CG-0130.pdf,pending,3
dnv_dnv_class_2026_04_dnv_cg_0131_5272d102,DNV,GENERAL,C:/projects/MaritimeRAG/data/raw_pdfs/dnv-class_2026-04/DNV-CG-0131.pdf,DNV-CG-0131.pdf,pending,3
dnv_dnv_class_2026_04_dnv_cg_0133_f1a10e01,DNV,GENERAL,C:/projects/MaritimeRAG/data/raw_pdfs/dnv-class_2026-04/DNV-CG-0133.pdf,DNV-CG-0133.pdf,pending,3
dnv_dnv_class_2026_04_dnv_cg_0134_a8bcffcc,DNV,GENERAL,C:/projects/MaritimeRAG/data/raw_pdfs/dnv-class_2026-04/DNV-CG-0134.pdf,DNV-CG-0134.pdf,pending,3
dnv_dnv_class_2026_04_dnv_cg_0135_961b911f,DNV,GENERAL,C:/projects/MaritimeRAG/data/raw_pdfs/dnv-class_2026-04/DNV-CG-0135.pdf,DNV-CG-0135.pdf,pending,3
dnv_dnv_class_2026_04_dnv_cg_0136_0e83189e,DNV,GENERAL,C:/projects/MaritimeRAG/data/raw_pdfs/dnv-class_2026-04/DNV-CG-0136.pdf,DNV-CG-0136.pdf,pending,3
dnv_dnv_class_2026_04_dnv_cg_0137_a08659ca,DNV,GENERAL,C:/projects/MaritimeRAG/data/raw_pdfs/dnv-class_2026-04/DNV-CG-0137.pdf,DNV-CG-0137.pdf,pending,3
dnv_dnv_class_2026_04_dnv_cg_0138_32976fa7,DNV,GENERAL,C:/projects/MaritimeRAG/data/raw_pdfs/dnv-class_2026-04/DNV-CG-0138.pdf,DNV-CG-0138.pdf,pending,3
dnv_dnv_class_2026_04_dnv_cg_0151_f4eb408c,DNV,GENERAL,C:/projects/MaritimeRAG/data/raw_pdfs/dnv-class_2026-04/DNV-CG-0151.pdf,DNV-CG-0151.pdf,pending,3
dnv_dnv_class_2026_04_dnv_cg_0152_67b79ed6,DNV,GENERAL,C:/projects/MaritimeRAG/data/raw_pdfs/dnv-class_2026-04/DNV-CG-0152.pdf,DNV-CG-0152.pdf,pending,3
dnv_dnv_class_2026_04_dnv_cg_0153_77fc28f9,DNV,GENERAL,C:/projects/MaritimeRAG/data/raw_pdfs/dnv-class_2026-04/DNV-CG-0153.pdf,DNV-CG-0153.pdf,pending,3
dnv_dnv_class_2026_04_dnv_cg_0154_9b6b6d9d,DNV,GENERAL,C:/projects/MaritimeRAG/data/raw_pdfs/dnv-class_2026-04/DNV-CG-0154.pdf,DNV-CG-0154.pdf,pending,3
dnv_dnv_class_2026_04_dnv_cg_0155_c0951e20,DNV,GENERAL,C:/projects/MaritimeRAG/data/raw_pdfs/dnv-class_2026-04/DNV-CG-0155.pdf,DNV-CG-0155.pdf,pending,3
dnv_dnv_class_2026_04_dnv_cg_0156_899de40c,DNV,GENERAL,C:/projects/MaritimeRAG/data/raw_pdfs/dnv-class_2026-04/DNV-CG-0156.pdf,DNV-CG-0156.pdf,pending,3
dnv_dnv_class_2026_04_dnv_cg_0157_fe7b5d5c,DNV,GENERAL,C:/projects/MaritimeRAG/data/raw_pdfs/dnv-class_2026-04/DNV-CG-0157.pdf,DNV-CG-0157.pdf,pending,3
dnv_dnv_class_2026_04_dnv_cg_0158_2fc60bcb,DNV,GENERAL,C:/projects/MaritimeRAG/data/raw_pdfs/dnv-class_2026-04/DNV-CG-0158.pdf,DNV-CG-0158.pdf,pending,3
dnv_dnv_class_2026_04_dnv_cg_0162_5f6cf5bc,DNV,GENERAL,C:/projects/MaritimeRAG/data/raw_pdfs/dnv-class_2026-04/DNV-CG-0162.pdf,DNV-CG-0162.pdf,pending,3
dnv_dnv_class_2026_04_dnv_cg_0169_46751096,DNV,GENERAL,C:/projects/MaritimeRAG/data/raw_pdfs/dnv-class_2026-04/DNV-CG-0169.pdf,DNV-CG-0169.pdf,pending,3
dnv_dnv_class_2026_04_dnv_cg_0170_4e8affc9,DNV,GENERAL,C:/projects/MaritimeRAG/data/raw_pdfs/dnv-class_2026-04/DNV-CG-0170.pdf,DNV-CG-0170.pdf,pending,3
dnv_dnv_class_2026_04_dnv_cg_0172_22ba4c79,DNV,GENERAL,C:/projects/MaritimeRAG/data/raw_pdfs/dnv-class_2026-04/DNV-CG-0172.pdf,DNV-CG-0172.pdf,pending,3
dnv_dnv_class_2026_04_dnv_cg_0182_818261f7,DNV,GENERAL,C:/projects/MaritimeRAG/data/raw_pdfs/dnv-class_2026-04/DNV-CG-0182.pdf,DNV-CG-0182.pdf,pending,3
dnv_dnv_class_2026_04_dnv_cg_0197_4c29d4d7,DNV,GENERAL,C:/projects/MaritimeRAG/data/raw_pdfs/dnv-class_2026-04/DNV-CG-0197.pdf,DNV-CG-0197.pdf,pending,3
dnv_dnv_class_2026_04_dnv_cg_0214_6e5c37e8,DNV,GENERAL,C:/projects/MaritimeRAG/data/raw_pdfs/dnv-class_2026-04/DNV-CG-0214.pdf,DNV-CG-0214.pdf,pending,3
dnv_dnv_class_2026_04_dnv_cg_0240_9aa073dd,DNV,GENERAL,C:/projects/MaritimeRAG/data/raw_pdfs/dnv-class_2026-04/DNV-CG-0240.pdf,DNV-CG-0240.pdf,pending,3
dnv_dnv_class_2026_04_dnv_cg_0264_00e0cc67,DNV,GENERAL,C:/projects/MaritimeRAG/data/raw_pdfs/dnv-class_2026-04/DNV-CG-0264.pdf,DNV-CG-0264.pdf,pending,3
dnv_dnv_class_2026_04_dnv_cg_0283_2f72d342,DNV,GENERAL,C:/projects/MaritimeRAG/data/raw_pdfs/dnv-class_2026-04/DNV-CG-0283.pdf,DNV-CG-0283.pdf,pending,3
dnv_dnv_class_2026_04_dnv_cg_0285_d96a7e6d,DNV,GENERAL,C:/projects/MaritimeRAG/data/raw_pdfs/dnv-class_2026-04/DNV-CG-0285.pdf,DNV-CG-0285.pdf,pending,3
dnv_dnv_class_2026_04_dnv_cg_0287_03b17d31,DNV,GENERAL,C:/projects/MaritimeRAG/data/raw_pdfs/dnv-class_2026-04/DNV-CG-0287.pdf,DNV-CG-0287.pdf,pending,3
dnv_dnv_class_2026_04_dnv_cg_0288_2efb58a4,DNV,GENERAL,C:/projects/MaritimeRAG/data/raw_pdfs/dnv-class_2026-04/DNV-CG-0288.pdf,DNV-CG-0288.pdf,pending,3
dnv_dnv_class_2026_04_dnv_cg_0308_68142d53,DNV,GENERAL,C:/projects/MaritimeRAG/data/raw_pdfs/dnv-class_2026-04/DNV-CG-0308.pdf,DNV-CG-0308.pdf,pending,3
dnv_dnv_class_2026_04_dnv_cg_0313_ad403bd8,DNV,GENERAL,C:/projects/MaritimeRAG/data/raw_pdfs/dnv-class_2026-04/DNV-CG-0313.pdf,DNV-CG-0313.pdf,pending,3
dnv_dnv_class_2026_04_dnv_cg_0325_ce1055a5,DNV,GENERAL,C:/projects/MaritimeRAG/data/raw_pdfs/dnv-class_2026-04/DNV-CG-0325.pdf,DNV-CG-0325.pdf,pending,3
dnv_dnv_class_2026_04_dnv_cg_0339_bf9a037e,DNV,GENERAL,C:/projects/MaritimeRAG/data/raw_pdfs/dnv-class_2026-04/DNV-CG-0339.pdf,DNV-CG-0339.pdf,pending,3
dnv_dnv_class_2026_04_dnv_cg_0372_30aa97f9,DNV,GENERAL,C:/projects/MaritimeRAG/data/raw_pdfs/dnv-class_2026-04/DNV-CG-0372.pdf,DNV-CG-0372.pdf,pending,3
dnv_dnv_class_2026_04_dnv_cg_0447_c6764f74,DNV,GENERAL,C:/projects/MaritimeRAG/data/raw_pdfs/dnv-class_2026-04/DNV-CG-0447.pdf,DNV-CG-0447.pdf,pending,3
dnv_dnv_class_2026_04_dnv_cg_0456_48af40b6,DNV,GENERAL,C:/projects/MaritimeRAG/data/raw_pdfs/dnv-class_2026-04/DNV-CG-0456.pdf,DNV-CG-0456.pdf,pending,3
dnv_dnv_class_2026_04_dnv_cg_0493_7e858c39,DNV,GENERAL,C:/projects/MaritimeRAG/data/raw_pdfs/dnv-class_2026-04/DNV-CG-0493.pdf,DNV-CG-0493.pdf,pending,3
dnv_dnv_class_2026_04_dnv_cg_0508_0819d4fd,DNV,GENERAL,C:/projects/MaritimeRAG/data/raw_pdfs/dnv-class_2026-04/DNV-CG-0508.pdf,DNV-CG-0508.pdf,pending,3
dnv_dnv_class_2026_04_dnv_cg_0550_a5138b95,DNV,GENERAL,C:/projects/MaritimeRAG/data/raw_pdfs/dnv-class_2026-04/DNV-CG-0550.pdf,DNV-CG-0550.pdf,pending,3
dnv_dnv_class_2026_04_dnv_cg_0554_fde170ce,DNV,GENERAL,C:/projects/MaritimeRAG/data/raw_pdfs/dnv-class_2026-04/DNV-CG-0554.pdf,DNV-CG-0554.pdf,pending,3
dnv_dnv_class_2026_04_dnv_cg_0556_424d92d4,DNV,GENERAL,C:/projects/MaritimeRAG/data/raw_pdfs/dnv-class_2026-04/DNV-CG-0556.pdf,DNV-CG-0556.pdf,pending,3
dnv_dnv_class_2026_04_dnv_cg_0557_93ef3b83,DNV,GENERAL,C:/projects/MaritimeRAG/data/raw_pdfs/dnv-class_2026-04/DNV-CG-0557.pdf,DNV-CG-0557.pdf,pending,3
dnv_dnv_class_2026_04_dnv_cg_0564_2a1bee2d,DNV,GENERAL,C:/projects/MaritimeRAG/data/raw_pdfs/dnv-class_2026-04/DNV-CG-0564.pdf,DNV-CG-0564.pdf,pending,3
dnv_dnv_class_2026_04_dnv_cg_0565_c44acd65,DNV,GENERAL,C:/projects/MaritimeRAG/data/raw_pdfs/dnv-class_2026-04/DNV-CG-0565.pdf,DNV-CG-0565.pdf,pending,3
dnv_dnv_class_2026_04_dnv_cg_0580_010398b0,DNV,GENERAL,C:/projects/MaritimeRAG/data/raw_pdfs/dnv-class_2026-04/DNV-CG-0580.pdf,DNV-CG-0580.pdf,pending,3
dnv_dnv_class_2026_04_dnv_cg_0588_16c51a86,DNV,GENERAL,C:/projects/MaritimeRAG/data/raw_pdfs/dnv-class_2026-04/DNV-CG-0588.pdf,DNV-CG-0588.pdf,pending,3
dnv_dnv_class_2026_04_dnv_cg_0594_97b30edc,DNV,GENERAL,C:/projects/MaritimeRAG/data/raw_pdfs/dnv-class_2026-04/DNV-CG-0594.pdf,DNV-CG-0594.pdf,pending,3
dnv_dnv_class_2026_04_dnv_cg_0608_c09be872,DNV,GENERAL,C:/projects/MaritimeRAG/data/raw_pdfs/dnv-class_2026-04/DNV-CG-0608.pdf,DNV-CG-0608.pdf,pending,3
dnv_dnv_class_2026_04_dnv_cg_0647_5fc46d00,DNV,GENERAL,C:/projects/MaritimeRAG/data/raw_pdfs/dnv-class_2026-04/DNV-CG-0647.pdf,DNV-CG-0647.pdf,pending,3
dnv_dnv_class_2026_04_dnv_cg_0649_6018f94d,DNV,GENERAL,C:/projects/MaritimeRAG/data/raw_pdfs/dnv-class_2026-04/DNV-CG-0649.pdf,DNV-CG-0649.pdf,pending,3
dnv_dnv_class_2026_04_dnv_cg_0659_403d7bd3,DNV,GENERAL,C:/projects/MaritimeRAG/data/raw_pdfs/dnv-class_2026-04/DNV-CG-0659.pdf,DNV-CG-0659.pdf,pending,3
dnv_dnv_class_2026_04_dnv_cg_0660_cd6c46d0,DNV,GENERAL,C:/projects/MaritimeRAG/data/raw_pdfs/dnv-class_2026-04/DNV-CG-0660.pdf,DNV-CG-0660.pdf,pending,3
dnv_dnv_class_2026_04_dnv_cg_0662_afcc3e58,DNV,GENERAL,C:/projects/MaritimeRAG/data/raw_pdfs/dnv-class_2026-04/DNV-CG-0662.pdf,DNV-CG-0662.pdf,pending,3
dnv_dnv_class_2026_04_dnv_cg_0667_3ade4784,DNV,GENERAL,C:/projects/MaritimeRAG/data/raw_pdfs/dnv-class_2026-04/DNV-CG-0667.pdf,DNV-CG-0667.pdf,pending,3
dnv_dnv_class_2026_04_dnv_cg_0672_5ba771fa,DNV,GENERAL,C:/projects/MaritimeRAG/data/raw_pdfs/dnv-class_2026-04/DNV-CG-0672.pdf,DNV-CG-0672.pdf,pending,3
dnv_dnv_class_2026_04_dnv_cp_0031_0c6d84d9,DNV,GENERAL,C:/projects/MaritimeRAG/data/raw_pdfs/dnv-class_2026-04/DNV-CP-0031.pdf,DNV-CP-0031.pdf,pending,3
dnv_dnv_class_2026_04_dnv_cp_0068_0ae1c87d,DNV,GENERAL,C:/projects/MaritimeRAG/data/raw_pdfs/dnv-class_2026-04/DNV-CP-0068.pdf,DNV-CP-0068.pdf,pending,3
dnv_dnv_class_2026_04_dnv_cp_0069_794e56de,DNV,GENERAL,C:/projects/MaritimeRAG/data/raw_pdfs/dnv-class_2026-04/DNV-CP-0069.pdf,DNV-CP-0069.pdf,pending,3
dnv_dnv_class_2026_04_dnv_cp_0070_4dfc1495,DNV,GENERAL,C:/projects/MaritimeRAG/data/raw_pdfs/dnv-class_2026-04/DNV-CP-0070.pdf,DNV-CP-0070.pdf,pending,3
dnv_dnv_class_2026_04_dnv_cp_0072_a4db9350,DNV,GENERAL,C:/projects/MaritimeRAG/data/raw_pdfs/dnv-class_2026-04/DNV-CP-0072.pdf,DNV-CP-0072.pdf,pending,3
dnv_dnv_class_2026_04_dnv_cp_0081_6e0883e5,DNV,GENERAL,C:/projects/MaritimeRAG/data/raw_pdfs/dnv-class_2026-04/DNV-CP-0081.pdf,DNV-CP-0081.pdf,pending,3
dnv_dnv_class_2026_04_dnv_cp_0082_65f4d7e3,DNV,GENERAL,C:/projects/MaritimeRAG/data/raw_pdfs/dnv-class_2026-04/DNV-CP-0082.pdf,DNV-CP-0082.pdf,pending,3
dnv_dnv_class_2026_04_dnv_cp_0083_c879cec1,DNV,GENERAL,C:/projects/MaritimeRAG/data/raw_pdfs/dnv-class_2026-04/DNV-CP-0083.pdf,DNV-CP-0083.pdf,pending,3
dnv_dnv_class_2026_04_dnv_cp_0084_745b69ee,DNV,GENERAL,C:/projects/MaritimeRAG/data/raw_pdfs/dnv-class_2026-04/DNV-CP-0084.pdf,DNV-CP-0084.pdf,pending,3
dnv_dnv_class_2026_04_dnv_cp_0085_00d60caa,DNV,GENERAL,C:/projects/MaritimeRAG/data/raw_pdfs/dnv-class_2026-04/DNV-CP-0085.pdf,DNV-CP-0085.pdf,pending,3
dnv_dnv_class_2026_04_dnv_cp_0086_5f8c4744,DNV,GENERAL,C:/projects/MaritimeRAG/data/raw_pdfs/dnv-class_2026-04/DNV-CP-0086.pdf,DNV-CP-0086.pdf,pending,3
dnv_dnv_class_2026_04_dnv_cp_0089_93eadf67,DNV,GENERAL,C:/projects/MaritimeRAG/data/raw_pdfs/dnv-class_2026-04/DNV-CP-0089.pdf,DNV-CP-0089.pdf,pending,3
dnv_dnv_class_2026_04_dnv_cp_0092_2f1e0175,DNV,GENERAL,C:/projects/MaritimeRAG/data/raw_pdfs/dnv-class_2026-04/DNV-CP-0092.pdf,DNV-CP-0092.pdf,pending,3
dnv_dnv_class_2026_04_dnv_cp_0093_d22b28e7,DNV,GENERAL,C:/projects/MaritimeRAG/data/raw_pdfs/dnv-class_2026-04/DNV-CP-0093.pdf,DNV-CP-0093.pdf,pending,3
dnv_dnv_class_2026_04_dnv_cp_0094_f906152e,DNV,GENERAL,C:/projects/MaritimeRAG/data/raw_pdfs/dnv-class_2026-04/DNV-CP-0094.pdf,DNV-CP-0094.pdf,pending,3
dnv_dnv_class_2026_04_dnv_cp_0095_ca7c00c7,DNV,GENERAL,C:/projects/MaritimeRAG/data/raw_pdfs/dnv-class_2026-04/DNV-CP-0095.pdf,DNV-CP-0095.pdf,pending,3
dnv_dnv_class_2026_04_dnv_cp_0096_b3a25e1b,DNV,GENERAL,C:/projects/MaritimeRAG/data/raw_pdfs/dnv-class_2026-04/DNV-CP-0096.pdf,DNV-CP-0096.pdf,pending,3
dnv_dnv_class_2026_04_dnv_cp_0097_fe1d48f3,DNV,GENERAL,C:/projects/MaritimeRAG/data/raw_pdfs/dnv-class_2026-04/DNV-CP-0097.pdf,DNV-CP-0097.pdf,pending,3
dnv_dnv_class_2026_04_dnv_cp_0098_e13fa9b8,DNV,GENERAL,C:/projects/MaritimeRAG/data/raw_pdfs/dnv-class_2026-04/DNV-CP-0098.pdf,DNV-CP-0098.pdf,pending,3
dnv_dnv_class_2026_04_dnv_cp_0099_7b2316f2,DNV,GENERAL,C:/projects/MaritimeRAG/data/raw_pdfs/dnv-class_2026-04/DNV-CP-0099.pdf,DNV-CP-0099.pdf,pending,3
dnv_dnv_class_2026_04_dnv_cp_0100_56e785cd,DNV,GENERAL,C:/projects/MaritimeRAG/data/raw_pdfs/dnv-class_2026-04/DNV-CP-0100.pdf,DNV-CP-0100.pdf,pending,3
dnv_dnv_class_2026_04_dnv_cp_0106_ceab7dc7,DNV,GENERAL,C:/projects/MaritimeRAG/data/raw_pdfs/dnv-class_2026-04/DNV-CP-0106.pdf,DNV-CP-0106.pdf,pending,3
dnv_dnv_class_2026_04_dnv_cp_0107_9e17ec61,DNV,GENERAL,C:/projects/MaritimeRAG/data/raw_pdfs/dnv-class_2026-04/DNV-CP-0107.pdf,DNV-CP-0107.pdf,pending,3
dnv_dnv_class_2026_04_dnv_cp_0108_6f34d251,DNV,GENERAL,C:/projects/MaritimeRAG/data/raw_pdfs/dnv-class_2026-04/DNV-CP-0108.pdf,DNV-CP-0108.pdf,pending,3
dnv_dnv_class_2026_04_dnv_cp_0109_b17263c4,DNV,GENERAL,C:/projects/MaritimeRAG/data/raw_pdfs/dnv-class_2026-04/DNV-CP-0109.pdf,DNV-CP-0109.pdf,pending,3
dnv_dnv_class_2026_04_dnv_cp_0110_b84cabfd,DNV,GENERAL,C:/projects/MaritimeRAG/data/raw_pdfs/dnv-class_2026-04/DNV-CP-0110.pdf,DNV-CP-0110.pdf,pending,3
dnv_dnv_class_2026_04_dnv_cp_0139_96295a89,DNV,GENERAL,C:/projects/MaritimeRAG/data/raw_pdfs/dnv-class_2026-04/DNV-CP-0139.pdf,DNV-CP-0139.pdf,pending,3
dnv_dnv_class_2026_04_dnv_cp_0140_b40a3e25,DNV,GENERAL,C:/projects/MaritimeRAG/data/raw_pdfs/dnv-class_2026-04/DNV-CP-0140.pdf,DNV-CP-0140.pdf,pending,3
dnv_dnv_class_2026_04_dnv_cp_0144_b6c7bc6a,DNV,GENERAL,C:/projects/MaritimeRAG/data/raw_pdfs/dnv-class_2026-04/DNV-CP-0144.pdf,DNV-CP-0144.pdf,pending,3
dnv_dnv_class_2026_04_dnv_cp_0147_ae8bbb45,DNV,GENERAL,C:/projects/MaritimeRAG/data/raw_pdfs/dnv-class_2026-04/DNV-CP-0147.pdf,DNV-CP-0147.pdf,pending,3
dnv_dnv_class_2026_04_dnv_cp_0148_b3e48603,DNV,GENERAL,C:/projects/MaritimeRAG/data/raw_pdfs/dnv-class_2026-04/DNV-CP-0148.pdf,DNV-CP-0148.pdf,pending,3
dnv_dnv_class_2026_04_dnv_cp_0149_2c2639fa,DNV,GENERAL,C:/projects/MaritimeRAG/data/raw_pdfs/dnv-class_2026-04/DNV-CP-0149.pdf,DNV-CP-0149.pdf,pending,3
dnv_dnv_class_2026_04_dnv_cp_0161_c66e43fc,DNV,GENERAL,C:/projects/MaritimeRAG/data/raw_pdfs/dnv-class_2026-04/DNV-CP-0161.pdf,DNV-CP-0161.pdf,pending,3
dnv_dnv_class_2026_04_dnv_cp_0165_7ad1dcb3,DNV,GENERAL,C:/projects/MaritimeRAG/data/raw_pdfs/dnv-class_2026-04/DNV-CP-0165.pdf,DNV-CP-0165.pdf,pending,3
dnv_dnv_class_2026_04_dnv_cp_0173_1ddd81a6,DNV,GENERAL,C:/projects/MaritimeRAG/data/raw_pdfs/dnv-class_2026-04/DNV-CP-0173.pdf,DNV-CP-0173.pdf,pending,3
dnv_dnv_class_2026_04_dnv_cp_0174_a01be6ad,DNV,GENERAL,C:/projects/MaritimeRAG/data/raw_pdfs/dnv-class_2026-04/DNV-CP-0174.pdf,DNV-CP-0174.pdf,pending,3
dnv_dnv_class_2026_04_dnv_cp_0183_beeaaa03,DNV,GENERAL,C:/projects/MaritimeRAG/data/raw_pdfs/dnv-class_2026-04/DNV-CP-0183.pdf,DNV-CP-0183.pdf,pending,3
dnv_dnv_class_2026_04_dnv_cp_0184_7678b9b2,DNV,GENERAL,C:/projects/MaritimeRAG/data/raw_pdfs/dnv-class_2026-04/DNV-CP-0184.pdf,DNV-CP-0184.pdf,pending,3
dnv_dnv_class_2026_04_dnv_cp_0185_7f04983f,DNV,GENERAL,C:/projects/MaritimeRAG/data/raw_pdfs/dnv-class_2026-04/DNV-CP-0185.pdf,DNV-CP-0185.pdf,pending,3
dnv_dnv_class_2026_04_dnv_cp_0186_be9c0a1f,DNV,GENERAL,C:/projects/MaritimeRAG/data/raw_pdfs/dnv-class_2026-04/DNV-CP-0186.pdf,DNV-CP-0186.pdf,pending,3
dnv_dnv_class_2026_04_dnv_cp_0187_1b862cd5,DNV,GENERAL,C:/projects/MaritimeRAG/data/raw_pdfs/dnv-class_2026-04/DNV-CP-0187.pdf,DNV-CP-0187.pdf,pending,3
dnv_dnv_class_2026_04_dnv_cp_0203_b65ed07a,DNV,GENERAL,C:/projects/MaritimeRAG/data/raw_pdfs/dnv-class_2026-04/DNV-CP-0203.pdf,DNV-CP-0203.pdf,pending,3
dnv_dnv_class_2026_04_dnv_cp_0206_43266230,DNV,GENERAL,C:/projects/MaritimeRAG/data/raw_pdfs/dnv-class_2026-04/DNV-CP-0206.pdf,DNV-CP-0206.pdf,pending,3
dnv_dnv_class_2026_04_dnv_cp_0208_674e0076,DNV,GENERAL,C:/projects/MaritimeRAG/data/raw_pdfs/dnv-class_2026-04/DNV-CP-0208.pdf,DNV-CP-0208.pdf,pending,3
dnv_dnv_class_2026_04_dnv_cp_0209_ee177956,DNV,GENERAL,C:/projects/MaritimeRAG/data/raw_pdfs/dnv-class_2026-04/DNV-CP-0209.pdf,DNV-CP-0209.pdf,pending,3
dnv_dnv_class_2026_04_dnv_cp_0210_3a4aff26,DNV,GENERAL,C:/projects/MaritimeRAG/data/raw_pdfs/dnv-class_2026-04/DNV-CP-0210.pdf,DNV-CP-0210.pdf,pending,3
dnv_dnv_class_2026_04_dnv_cp_0211_4013dcab,DNV,GENERAL,C:/projects/MaritimeRAG/data/raw_pdfs/dnv-class_2026-04/DNV-CP-0211.pdf,DNV-CP-0211.pdf,pending,3
dnv_dnv_class_2026_04_dnv_cp_0212_f6c18c2d,DNV,GENERAL,C:/projects/MaritimeRAG/data/raw_pdfs/dnv-class_2026-04/DNV-CP-0212.pdf,DNV-CP-0212.pdf,pending,3
dnv_dnv_class_2026_04_dnv_cp_0213_ee196f54,DNV,GENERAL,C:/projects/MaritimeRAG/data/raw_pdfs/dnv-class_2026-04/DNV-CP-0213.pdf,DNV-CP-0213.pdf,pending,3
dnv_dnv_class_2026_04_dnv_cp_0231_c65ad046,DNV,GENERAL,C:/projects/MaritimeRAG/data/raw_pdfs/dnv-class_2026-04/DNV-CP-0231.pdf,DNV-CP-0231.pdf,pending,3
dnv_dnv_class_2026_04_dnv_cp_0237_dd1815ce,DNV,GENERAL,C:/projects/MaritimeRAG/data/raw_pdfs/dnv-class_2026-04/DNV-CP-0237.pdf,DNV-CP-0237.pdf,pending,3
dnv_dnv_class_2026_04_dnv_cp_0242_9bcf77c7,DNV,GENERAL,C:/projects/MaritimeRAG/data/raw_pdfs/dnv-class_2026-04/DNV-CP-0242.pdf,DNV-CP-0242.pdf,pending,3
dnv_dnv_class_2026_04_dnv_cp_0243_b740fbbf,DNV,GENERAL,C:/projects/MaritimeRAG/data/raw_pdfs/dnv-class_2026-04/DNV-CP-0243.pdf,DNV-CP-0243.pdf,pending,3
dnv_dnv_class_2026_04_dnv_cp_0244_286a8061,DNV,GENERAL,C:/projects/MaritimeRAG/data/raw_pdfs/dnv-class_2026-04/DNV-CP-0244.pdf,DNV-CP-0244.pdf,pending,3
dnv_dnv_class_2026_04_dnv_cp_0245_a759a7d2,DNV,GENERAL,C:/projects/MaritimeRAG/data/raw_pdfs/dnv-class_2026-04/DNV-CP-0245.pdf,DNV-CP-0245.pdf,pending,3
dnv_dnv_class_2026_04_dnv_cp_0246_8a3954c1,DNV,GENERAL,C:/projects/MaritimeRAG/data/raw_pdfs/dnv-class_2026-04/DNV-CP-0246.pdf,DNV-CP-0246.pdf,pending,3
dnv_dnv_class_2026_04_dnv_cp_0247_4f719322,DNV,GENERAL,C:/projects/MaritimeRAG/data/raw_pdfs/dnv-class_2026-04/DNV-CP-0247.pdf,DNV-CP-0247.pdf,pending,3
dnv_dnv_class_2026_04_dnv_cp_0248_b55c3bb3,DNV,GENERAL,C:/projects/MaritimeRAG/data/raw_pdfs/dnv-class_2026-04/DNV-CP-0248.pdf,DNV-CP-0248.pdf,pending,3
dnv_dnv_class_2026_04_dnv_cp_0249_e831135f,DNV,GENERAL,C:/projects/MaritimeRAG/data/raw_pdfs/dnv-class_2026-04/DNV-CP-0249.pdf,DNV-CP-0249.pdf,pending,3
dnv_dnv_class_2026_04_dnv_cp_0250_ce256f33,DNV,GENERAL,C:/projects/MaritimeRAG/data/raw_pdfs/dnv-class_2026-04/DNV-CP-0250.pdf,DNV-CP-0250.pdf,pending,3
dnv_dnv_class_2026_04_dnv_cp_0251_b131cffd,DNV,GENERAL,C:/projects/MaritimeRAG/data/raw_pdfs/dnv-class_2026-04/DNV-CP-0251.pdf,DNV-CP-0251.pdf,pending,3
dnv_dnv_class_2026_04_dnv_cp_0252_a6845b7a,DNV,GENERAL,C:/projects/MaritimeRAG/data/raw_pdfs/dnv-class_2026-04/DNV-CP-0252.pdf,DNV-CP-0252.pdf,pending,3
dnv_dnv_class_2026_04_dnv_cp_0253_b668c889,DNV,GENERAL,C:/projects/MaritimeRAG/data/raw_pdfs/dnv-class_2026-04/DNV-CP-0253.pdf,DNV-CP-0253.pdf,pending,3
dnv_dnv_class_2026_04_dnv_cp_0254_b8a7102b,DNV,GENERAL,C:/projects/MaritimeRAG/data/raw_pdfs/dnv-class_2026-04/DNV-CP-0254.pdf,DNV-CP-0254.pdf,pending,3
dnv_dnv_class_2026_04_dnv_cp_0255_20cad3e6,DNV,GENERAL,C:/projects/MaritimeRAG/data/raw_pdfs/dnv-class_2026-04/DNV-CP-0255.pdf,DNV-CP-0255.pdf,pending,3
dnv_dnv_class_2026_04_dnv_cp_0256_269d83e9,DNV,GENERAL,C:/projects/MaritimeRAG/data/raw_pdfs/dnv-class_2026-04/DNV-CP-0256.pdf,DNV-CP-0256.pdf,pending,3
dnv_dnv_class_2026_04_dnv_cp_0258_110cc85d,DNV,GENERAL,C:/projects/MaritimeRAG/data/raw_pdfs/dnv-class_2026-04/DNV-CP-0258.pdf,DNV-CP-0258.pdf,pending,3
dnv_dnv_class_2026_04_dnv_cp_0261_e687bec4,DNV,GENERAL,C:/projects/MaritimeRAG/data/raw_pdfs/dnv-class_2026-04/DNV-CP-0261.pdf,DNV-CP-0261.pdf,pending,3
dnv_dnv_class_2026_04_dnv_cp_0267_841d2794,DNV,GENERAL,C:/projects/MaritimeRAG/data/raw_pdfs/dnv-class_2026-04/DNV-CP-0267.pdf,DNV-CP-0267.pdf,pending,3
dnv_dnv_class_2026_04_dnv_cp_0282_85c46cad,DNV,GENERAL,C:/projects/MaritimeRAG/data/raw_pdfs/dnv-class_2026-04/DNV-CP-0282.pdf,DNV-CP-0282.pdf,pending,3
dnv_dnv_class_2026_04_dnv_cp_0291_8911b3fe,DNV,GENERAL,C:/projects/MaritimeRAG/data/raw_pdfs/dnv-class_2026-04/DNV-CP-0291.pdf,DNV-CP-0291.pdf,pending,3
dnv_dnv_class_2026_04_dnv_cp_0293_067bd9fc,DNV,GENERAL,C:/projects/MaritimeRAG/data/raw_pdfs/dnv-class_2026-04/DNV-CP-0293.pdf,DNV-CP-0293.pdf,pending,3
dnv_dnv_class_2026_04_dnv_cp_0296_1419c31e,DNV,GENERAL,C:/projects/MaritimeRAG/data/raw_pdfs/dnv-class_2026-04/DNV-CP-0296.pdf,DNV-CP-0296.pdf,pending,3
dnv_dnv_class_2026_04_dnv_cp_0337_d8b629b8,DNV,GENERAL,C:/projects/MaritimeRAG/data/raw_pdfs/dnv-class_2026-04/DNV-CP-0337.pdf,DNV-CP-0337.pdf,pending,3
dnv_dnv_class_2026_04_dnv_cp_0338_86c6790c,DNV,GENERAL,C:/projects/MaritimeRAG/data/raw_pdfs/dnv-class_2026-04/DNV-CP-0338.pdf,DNV-CP-0338.pdf,pending,3
dnv_dnv_class_2026_04_dnv_cp_0346_850b84b3,DNV,GENERAL,C:/projects/MaritimeRAG/data/raw_pdfs/dnv-class_2026-04/DNV-CP-0346.pdf,DNV-CP-0346.pdf,pending,3
dnv_dnv_class_2026_04_dnv_cp_0347_422b9bac,DNV,GENERAL,C:/projects/MaritimeRAG/data/raw_pdfs/dnv-class_2026-04/DNV-CP-0347.pdf,DNV-CP-0347.pdf,pending,3
dnv_dnv_class_2026_04_dnv_cp_0348_bd758473,DNV,GENERAL,C:/projects/MaritimeRAG/data/raw_pdfs/dnv-class_2026-04/DNV-CP-0348.pdf,DNV-CP-0348.pdf,pending,3
dnv_dnv_class_2026_04_dnv_cp_0349_9e5a74db,DNV,GENERAL,C:/projects/MaritimeRAG/data/raw_pdfs/dnv-class_2026-04/DNV-CP-0349.pdf,DNV-CP-0349.pdf,pending,3
dnv_dnv_class_2026_04_dnv_cp_0350_e9880602,DNV,GENERAL,C:/projects/MaritimeRAG/data/raw_pdfs/dnv-class_2026-04/DNV-CP-0350.pdf,DNV-CP-0350.pdf,pending,3
dnv_dnv_class_2026_04_dnv_cp_0351_75059d4f,DNV,GENERAL,C:/projects/MaritimeRAG/data/raw_pdfs/dnv-class_2026-04/DNV-CP-0351.pdf,DNV-CP-0351.pdf,pending,3
dnv_dnv_class_2026_04_dnv_cp_0352_bf7af8a2,DNV,GENERAL,C:/projects/MaritimeRAG/data/raw_pdfs/dnv-class_2026-04/DNV-CP-0352.pdf,DNV-CP-0352.pdf,pending,3
dnv_dnv_class_2026_04_dnv_cp_0353_a036f592,DNV,GENERAL,C:/projects/MaritimeRAG/data/raw_pdfs/dnv-class_2026-04/DNV-CP-0353.pdf,DNV-CP-0353.pdf,pending,3
dnv_dnv_class_2026_04_dnv_cp_0392_f2ec5304,DNV,GENERAL,C:/projects/MaritimeRAG/data/raw_pdfs/dnv-class_2026-04/DNV-CP-0392.pdf,DNV-CP-0392.pdf,pending,3
dnv_dnv_class_2026_04_dnv_cp_0396_f96fb5b0,DNV,GENERAL,C:/projects/MaritimeRAG/data/raw_pdfs/dnv-class_2026-04/DNV-CP-0396.pdf,DNV-CP-0396.pdf,pending,3
dnv_dnv_class_2026_04_dnv_cp_0397_e533bdd0,DNV,GENERAL,C:/projects/MaritimeRAG/data/raw_pdfs/dnv-class_2026-04/DNV-CP-0397.pdf,DNV-CP-0397.pdf,pending,3
dnv_dnv_class_2026_04_dnv_cp_0398_19599379,DNV,GENERAL,C:/projects/MaritimeRAG/data/raw_pdfs/dnv-class_2026-04/DNV-CP-0398.pdf,DNV-CP-0398.pdf,pending,3
dnv_dnv_class_2026_04_dnv_cp_0399_0bf0af37,DNV,GENERAL,C:/projects/MaritimeRAG/data/raw_pdfs/dnv-class_2026-04/DNV-CP-0399.pdf,DNV-CP-0399.pdf,pending,3
dnv_dnv_class_2026_04_dnv_cp_0400_437852b9,DNV,GENERAL,C:/projects/MaritimeRAG/data/raw_pdfs/dnv-class_2026-04/DNV-CP-0400.pdf,DNV-CP-0400.pdf,pending,3
dnv_dnv_class_2026_04_dnv_cp_0401_530e4130,DNV,GENERAL,C:/projects/MaritimeRAG/data/raw_pdfs/dnv-class_2026-04/DNV-CP-0401.pdf,DNV-CP-0401.pdf,pending,3
dnv_dnv_class_2026_04_dnv_cp_0402_a90b7609,DNV,GENERAL,C:/projects/MaritimeRAG/data/raw_pdfs/dnv-class_2026-04/DNV-CP-0402.pdf,DNV-CP-0402.pdf,pending,3
dnv_dnv_class_2026_04_dnv_cp_0403_f3d7f158,DNV,GENERAL,C:/projects/MaritimeRAG/data/raw_pdfs/dnv-class_2026-04/DNV-CP-0403.pdf,DNV-CP-0403.pdf,pending,3
dnv_dnv_class_2026_04_dnv_cp_0404_3fe514c0,DNV,GENERAL,C:/projects/MaritimeRAG/data/raw_pdfs/dnv-class_2026-04/DNV-CP-0404.pdf,DNV-CP-0404.pdf,pending,3
dnv_dnv_class_2026_04_dnv_cp_0405_ac044e9a,DNV,GENERAL,C:/projects/MaritimeRAG/data/raw_pdfs/dnv-class_2026-04/DNV-CP-0405.pdf,DNV-CP-0405.pdf,pending,3
dnv_dnv_class_2026_04_dnv_cp_0406_135abfb9,DNV,GENERAL,C:/projects/MaritimeRAG/data/raw_pdfs/dnv-class_2026-04/DNV-CP-0406.pdf,DNV-CP-0406.pdf,pending,3
dnv_dnv_class_2026_04_dnv_cp_0407_515c3c3a,DNV,GENERAL,C:/projects/MaritimeRAG/data/raw_pdfs/dnv-class_2026-04/DNV-CP-0407.pdf,DNV-CP-0407.pdf,pending,3
dnv_dnv_class_2026_04_dnv_cp_0408_b937f799,DNV,GENERAL,C:/projects/MaritimeRAG/data/raw_pdfs/dnv-class_2026-04/DNV-CP-0408.pdf,DNV-CP-0408.pdf,pending,3
dnv_dnv_class_2026_04_dnv_cp_0409_55813029,DNV,GENERAL,C:/projects/MaritimeRAG/data/raw_pdfs/dnv-class_2026-04/DNV-CP-0409.pdf,DNV-CP-0409.pdf,pending,3
dnv_dnv_class_2026_04_dnv_cp_0413_1e9fb249,DNV,GENERAL,C:/projects/MaritimeRAG/data/raw_pdfs/dnv-class_2026-04/DNV-CP-0413.pdf,DNV-CP-0413.pdf,pending,3
dnv_dnv_class_2026_04_dnv_cp_0417_3d491013,DNV,GENERAL,C:/projects/MaritimeRAG/data/raw_pdfs/dnv-class_2026-04/DNV-CP-0417.pdf,DNV-CP-0417.pdf,pending,3
dnv_dnv_class_2026_04_dnv_cp_0418_4acda348,DNV,GENERAL,C:/projects/MaritimeRAG/data/raw_pdfs/dnv-class_2026-04/DNV-CP-0418.pdf,DNV-CP-0418.pdf,pending,3
dnv_dnv_class_2026_04_dnv_cp_0421_9415ec8e,DNV,GENERAL,C:/projects/MaritimeRAG/data/raw_pdfs/dnv-class_2026-04/DNV-CP-0421.pdf,DNV-CP-0421.pdf,pending,3
dnv_dnv_class_2026_04_dnv_cp_0424_38e00a7f,DNV,GENERAL,C:/projects/MaritimeRAG/data/raw_pdfs/dnv-class_2026-04/DNV-CP-0424.pdf,DNV-CP-0424.pdf,pending,3
dnv_dnv_class_2026_04_dnv_cp_0425_5a9215d4,DNV,GENERAL,C:/projects/MaritimeRAG/data/raw_pdfs/dnv-class_2026-04/DNV-CP-0425.pdf,DNV-CP-0425.pdf,pending,3
dnv_dnv_class_2026_04_dnv_cp_0426_30daafae,DNV,GENERAL,C:/projects/MaritimeRAG/data/raw_pdfs/dnv-class_2026-04/DNV-CP-0426.pdf,DNV-CP-0426.pdf,pending,3
dnv_dnv_class_2026_04_dnv_cp_0427_1a519a7f,DNV,GENERAL,C:/projects/MaritimeRAG/data/raw_pdfs/dnv-class_2026-04/DNV-CP-0427.pdf,DNV-CP-0427.pdf,pending,3
dnv_dnv_class_2026_04_dnv_cp_0428_453cbf1e,DNV,GENERAL,C:/projects/MaritimeRAG/data/raw_pdfs/dnv-class_2026-04/DNV-CP-0428.pdf,DNV-CP-0428.pdf,pending,3
dnv_dnv_class_2026_04_dnv_cp_0429_9031bdba,DNV,GENERAL,C:/projects/MaritimeRAG/data/raw_pdfs/dnv-class_2026-04/DNV-CP-0429.pdf,DNV-CP-0429.pdf,pending,3
dnv_dnv_class_2026_04_dnv_cp_0431_8f407164,DNV,GENERAL,C:/projects/MaritimeRAG/data/raw_pdfs/dnv-class_2026-04/DNV-CP-0431.pdf,DNV-CP-0431.pdf,pending,3
dnv_dnv_class_2026_04_dnv_cp_0432_45b19178,DNV,GENERAL,C:/projects/MaritimeRAG/data/raw_pdfs/dnv-class_2026-04/DNV-CP-0432.pdf,DNV-CP-0432.pdf,pending,3
dnv_dnv_class_2026_04_dnv_cp_0434_c3c46c41,DNV,GENERAL,C:/projects/MaritimeRAG/data/raw_pdfs/dnv-class_2026-04/DNV-CP-0434.pdf,DNV-CP-0434.pdf,pending,3
dnv_dnv_class_2026_04_dnv_cp_0461_9f663b94,DNV,GENERAL,C:/projects/MaritimeRAG/data/raw_pdfs/dnv-class_2026-04/DNV-CP-0461.pdf,DNV-CP-0461.pdf,pending,3
dnv_dnv_class_2026_04_dnv_cp_0467_a6326715,DNV,GENERAL,C:/projects/MaritimeRAG/data/raw_pdfs/dnv-class_2026-04/DNV-CP-0467.pdf,DNV-CP-0467.pdf,pending,3
dnv_dnv_class_2026_04_dnv_cp_0483_7056201c,DNV,GENERAL,C:/projects/MaritimeRAG/data/raw_pdfs/dnv-class_2026-04/DNV-CP-0483.pdf,DNV-CP-0483.pdf,pending,3
dnv_dnv_class_2026_04_dnv_cp_0484_1110f1d7,DNV,GENERAL,C:/projects/MaritimeRAG/data/raw_pdfs/dnv-class_2026-04/DNV-CP-0484.pdf,DNV-CP-0484.pdf,pending,3
dnv_dnv_class_2026_04_dnv_cp_0485_5737bee3,DNV,GENERAL,C:/projects/MaritimeRAG/data/raw_pdfs/dnv-class_2026-04/DNV-CP-0485.pdf,DNV-CP-0485.pdf,pending,3
dnv_dnv_class_2026_04_dnv_cp_0500_4594010d,DNV,GENERAL,C:/projects/MaritimeRAG/data/raw_pdfs/dnv-class_2026-04/DNV-CP-0500.pdf,DNV-CP-0500.pdf,pending,3
dnv_dnv_class_2026_04_dnv_cp_0501_df0d88ac,DNV,GENERAL,C:/projects/MaritimeRAG/data/raw_pdfs/dnv-class_2026-04/DNV-CP-0501.pdf,DNV-CP-0501.pdf,pending,3
dnv_dnv_class_2026_04_dnv_cp_0502_63a115f6,DNV,GENERAL,C:/projects/MaritimeRAG/data/raw_pdfs/dnv-class_2026-04/DNV-CP-0502.pdf,DNV-CP-0502.pdf,pending,3
dnv_dnv_class_2026_04_dnv_cp_0505_00c74c54,DNV,GENERAL,C:/projects/MaritimeRAG/data/raw_pdfs/dnv-class_2026-04/DNV-CP-0505.pdf,DNV-CP-0505.pdf,pending,3
dnv_dnv_class_2026_04_dnv_cp_0507_e68f0e11,DNV,GENERAL,C:/projects/MaritimeRAG/data/raw_pdfs/dnv-class_2026-04/DNV-CP-0507.pdf,DNV-CP-0507.pdf,pending,3
dnv_dnv_class_2026_04_dnv_cp_0509_9ca6d6be,DNV,GENERAL,C:/projects/MaritimeRAG/data/raw_pdfs/dnv-class_2026-04/DNV-CP-0509.pdf,DNV-CP-0509.pdf,pending,3
dnv_dnv_class_2026_04_dnv_cp_0553_3cd4f8bf,DNV,GENERAL,C:/projects/MaritimeRAG/data/raw_pdfs/dnv-class_2026-04/DNV-CP-0553.pdf,DNV-CP-0553.pdf,pending,3
dnv_dnv_class_2026_04_dnv_cp_0569_8cf8baff,DNV,GENERAL,C:/projects/MaritimeRAG/data/raw_pdfs/dnv-class_2026-04/DNV-CP-0569.pdf,DNV-CP-0569.pdf,pending,3
dnv_dnv_class_2026_04_dnv_cp_0572_a0c64e62,DNV,GENERAL,C:/projects/MaritimeRAG/data/raw_pdfs/dnv-class_2026-04/DNV-CP-0572.pdf,DNV-CP-0572.pdf,pending,3
dnv_dnv_class_2026_04_dnv_cp_0593_93a82e7d,DNV,GENERAL,C:/projects/MaritimeRAG/data/raw_pdfs/dnv-class_2026-04/DNV-CP-0593.pdf,DNV-CP-0593.pdf,pending,3
dnv_dnv_class_2026_04_dnv_cp_0596_bc137cd2,DNV,GENERAL,C:/projects/MaritimeRAG/data/raw_pdfs/dnv-class_2026-04/DNV-CP-0596.pdf,DNV-CP-0596.pdf,pending,3
dnv_dnv_class_2026_04_dnv_cp_0620_2af56431,DNV,GENERAL,C:/projects/MaritimeRAG/data/raw_pdfs/dnv-class_2026-04/DNV-CP-0620.pdf,DNV-CP-0620.pdf,pending,3
dnv_dnv_class_2026_04_dnv_cp_0621_4fdd15f6,DNV,GENERAL,C:/projects/MaritimeRAG/data/raw_pdfs/dnv-class_2026-04/DNV-CP-0621.pdf,DNV-CP-0621.pdf,pending,3
dnv_dnv_class_2026_04_dnv_cp_0622_0f102e40,DNV,GENERAL,C:/projects/MaritimeRAG/data/raw_pdfs/dnv-class_2026-04/DNV-CP-0622.pdf,DNV-CP-0622.pdf,pending,3
dnv_dnv_class_2026_04_dnv_cp_0623_9e0f160a,DNV,GENERAL,C:/projects/MaritimeRAG/data/raw_pdfs/dnv-class_2026-04/DNV-CP-0623.pdf,DNV-CP-0623.pdf,pending,3
dnv_dnv_class_2026_04_dnv_cp_0624_7068e1e8,DNV,GENERAL,C:/projects/MaritimeRAG/data/raw_pdfs/dnv-class_2026-04/DNV-CP-0624.pdf,DNV-CP-0624.pdf,pending,3
dnv_dnv_class_2026_04_dnv_cp_0625_9bf332ec,DNV,GENERAL,C:/projects/MaritimeRAG/data/raw_pdfs/dnv-class_2026-04/DNV-CP-0625.pdf,DNV-CP-0625.pdf,pending,3
dnv_dnv_class_2026_04_dnv_cp_0626_f82cc698,DNV,GENERAL,C:/projects/MaritimeRAG/data/raw_pdfs/dnv-class_2026-04/DNV-CP-0626.pdf,DNV-CP-0626.pdf,pending,3
dnv_dnv_class_2026_04_dnv_cp_0627_0b78b068,DNV,GENERAL,C:/projects/MaritimeRAG/data/raw_pdfs/dnv-class_2026-04/DNV-CP-0627.pdf,DNV-CP-0627.pdf,pending,3
dnv_dnv_class_2026_04_dnv_cp_0628_53f5aae6,DNV,GENERAL,C:/projects/MaritimeRAG/data/raw_pdfs/dnv-class_2026-04/DNV-CP-0628.pdf,DNV-CP-0628.pdf,pending,3
dnv_dnv_class_2026_04_dnv_cp_0630_6345c3a7,DNV,GENERAL,C:/projects/MaritimeRAG/data/raw_pdfs/dnv-class_2026-04/DNV-CP-0630.pdf,DNV-CP-0630.pdf,pending,3
dnv_dnv_class_2026_04_dnv_cp_0631_61997431,DNV,GENERAL,C:/projects/MaritimeRAG/data/raw_pdfs/dnv-class_2026-04/DNV-CP-0631.pdf,DNV-CP-0631.pdf,pending,3
dnv_dnv_class_2026_04_dnv_cp_0632_dbe7a0df,DNV,GENERAL,C:/projects/MaritimeRAG/data/raw_pdfs/dnv-class_2026-04/DNV-CP-0632.pdf,DNV-CP-0632.pdf,pending,3
dnv_dnv_class_2026_04_dnv_cp_0633_6eecbe58,DNV,GENERAL,C:/projects/MaritimeRAG/data/raw_pdfs/dnv-class_2026-04/DNV-CP-0633.pdf,DNV-CP-0633.pdf,pending,3
dnv_dnv_class_2026_04_dnv_cp_0634_27ef5d94,DNV,GENERAL,C:/projects/MaritimeRAG/data/raw_pdfs/dnv-class_2026-04/DNV-CP-0634.pdf,DNV-CP-0634.pdf,pending,3
dnv_dnv_class_2026_04_dnv_cp_0635_19e46530,DNV,GENERAL,C:/projects/MaritimeRAG/data/raw_pdfs/dnv-class_2026-04/DNV-CP-0635.pdf,DNV-CP-0635.pdf,pending,3
dnv_dnv_class_2026_04_dnv_cp_0636_f75ddd9b,DNV,GENERAL,C:/projects/MaritimeRAG/data/raw_pdfs/dnv-class_2026-04/DNV-CP-0636.pdf,DNV-CP-0636.pdf,pending,3
dnv_dnv_class_2026_04_dnv_cp_0637_80a0ea31,DNV,GENERAL,C:/projects/MaritimeRAG/data/raw_pdfs/dnv-class_2026-04/DNV-CP-0637.pdf,DNV-CP-0637.pdf,pending,3
dnv_dnv_class_2026_04_dnv_cp_0638_c0e36f7a,DNV,GENERAL,C:/projects/MaritimeRAG/data/raw_pdfs/dnv-class_2026-04/DNV-CP-0638.pdf,DNV-CP-0638.pdf,pending,3
dnv_dnv_class_2026_04_dnv_cp_0640_3b43ea56,DNV,GENERAL,C:/projects/MaritimeRAG/data/raw_pdfs/dnv-class_2026-04/DNV-CP-0640.pdf,DNV-CP-0640.pdf,pending,3
dnv_dnv_class_2026_04_dnv_cp_0641_2e31d6a1,DNV,GENERAL,C:/projects/MaritimeRAG/data/raw_pdfs/dnv-class_2026-04/DNV-CP-0641.pdf,DNV-CP-0641.pdf,pending,3
dnv_dnv_class_2026_04_dnv_cp_0642_cf55f0fd,DNV,GENERAL,C:/projects/MaritimeRAG/data/raw_pdfs/dnv-class_2026-04/DNV-CP-0642.pdf,DNV-CP-0642.pdf,pending,3
dnv_dnv_class_2026_04_dnv_cp_0643_16d5e49a,DNV,GENERAL,C:/projects/MaritimeRAG/data/raw_pdfs/dnv-class_2026-04/DNV-CP-0643.pdf,DNV-CP-0643.pdf,pending,3
dnv_dnv_class_2026_04_dnv_cp_0644_7eead256,DNV,GENERAL,C:/projects/MaritimeRAG/data/raw_pdfs/dnv-class_2026-04/DNV-CP-0644.pdf,DNV-CP-0644.pdf,pending,3
dnv_dnv_class_2026_04_dnv_cp_0663_091134b1,DNV,GENERAL,C:/projects/MaritimeRAG/data/raw_pdfs/dnv-class_2026-04/DNV-CP-0663.pdf,DNV-CP-0663.pdf,pending,3
dnv_dnv_class_2026_04_dnv_cp_0704_815e033e,DNV,GENERAL,C:/projects/MaritimeRAG/data/raw_pdfs/dnv-class_2026-04/DNV-CP-0704.pdf,DNV-CP-0704.pdf,pending,3
dnv_dnv_class_2026_04_dnv_cp_eu_ro_mr_83c1fb1b,DNV,GENERAL,C:/projects/MaritimeRAG/data/raw_pdfs/dnv-class_2026-04/DNV-CP-EU-RO-MR.pdf,DNV-CP-EU-RO-MR.pdf,pending,3
dnv_dnv_class_2026_04_dnv_os_a101_74d058d3,DNV,GENERAL,C:/projects/MaritimeRAG/data/raw_pdfs/dnv-class_2026-04/DNV-OS-A101.pdf,DNV-OS-A101.pdf,pending,3
dnv_dnv_class_2026_04_dnv_os_a201_49329b68,DNV,GENERAL,C:/projects/MaritimeRAG/data/raw_pdfs/dnv-class_2026-04/DNV-OS-A201.pdf,DNV-OS-A201.pdf,pending,3
dnv_dnv_class_2026_04_dnv_os_a301_b650b90e,DNV,GENERAL,C:/projects/MaritimeRAG/data/raw_pdfs/dnv-class_2026-04/DNV-OS-A301.pdf,DNV-OS-A301.pdf,pending,3
dnv_dnv_class_2026_04_dnv_os_b101_00f88823,DNV,GENERAL,C:/projects/MaritimeRAG/data/raw_pdfs/dnv-class_2026-04/DNV-OS-B101.pdf,DNV-OS-B101.pdf,pending,3
dnv_dnv_class_2026_04_dnv_os_c101_c7a76caa,DNV,GENERAL,C:/projects/MaritimeRAG/data/raw_pdfs/dnv-class_2026-04/DNV-OS-C101.pdf,DNV-OS-C101.pdf,pending,3
dnv_dnv_class_2026_04_dnv_os_c102_53dc4c06,DNV,GENERAL,C:/projects/MaritimeRAG/data/raw_pdfs/dnv-class_2026-04/DNV-OS-C102.pdf,DNV-OS-C102.pdf,pending,3
dnv_dnv_class_2026_04_dnv_os_c103_5c408c91,DNV,GENERAL,C:/projects/MaritimeRAG/data/raw_pdfs/dnv-class_2026-04/DNV-OS-C103.pdf,DNV-OS-C103.pdf,pending,3
dnv_dnv_class_2026_04_dnv_os_c104_6103d73c,DNV,GENERAL,C:/projects/MaritimeRAG/data/raw_pdfs/dnv-class_2026-04/DNV-OS-C104.pdf,DNV-OS-C104.pdf,pending,3
dnv_dnv_class_2026_04_dnv_os_c105_d585db67,DNV,GENERAL,C:/projects/MaritimeRAG/data/raw_pdfs/dnv-class_2026-04/DNV-OS-C105.pdf,DNV-OS-C105.pdf,pending,3
dnv_dnv_class_2026_04_dnv_os_c106_b034832a,DNV,GENERAL,C:/projects/MaritimeRAG/data/raw_pdfs/dnv-class_2026-04/DNV-OS-C106.pdf,DNV-OS-C106.pdf,pending,3
dnv_dnv_class_2026_04_dnv_os_c301_4cc06d42,DNV,GENERAL,C:/projects/MaritimeRAG/data/raw_pdfs/dnv-class_2026-04/DNV-OS-C301.pdf,DNV-OS-C301.pdf,pending,3
dnv_dnv_class_2026_04_dnv_os_c401_244861f9,DNV,GENERAL,C:/projects/MaritimeRAG/data/raw_pdfs/dnv-class_2026-04/DNV-OS-C401.pdf,DNV-OS-C401.pdf,pending,3
dnv_dnv_class_2026_04_dnv_os_d101_29d3dfeb,DNV,GENERAL,C:/projects/MaritimeRAG/data/raw_pdfs/dnv-class_2026-04/DNV-OS-D101.pdf,DNV-OS-D101.pdf,pending,3
dnv_dnv_class_2026_04_dnv_os_d201_93290cd2,DNV,GENERAL,C:/projects/MaritimeRAG/data/raw_pdfs/dnv-class_2026-04/DNV-OS-D201.pdf,DNV-OS-D201.pdf,pending,3
dnv_dnv_class_2026_04_dnv_os_d202_0ed76610,DNV,GENERAL,C:/projects/MaritimeRAG/data/raw_pdfs/dnv-class_2026-04/DNV-OS-D202.pdf,DNV-OS-D202.pdf,pending,3
dnv_dnv_class_2026_04_dnv_os_d203_75022f00,DNV,GENERAL,C:/projects/MaritimeRAG/data/raw_pdfs/dnv-class_2026-04/DNV-OS-D203.pdf,DNV-OS-D203.pdf,pending,3
dnv_dnv_class_2026_04_dnv_os_d301_3ab337c6,DNV,GENERAL,C:/projects/MaritimeRAG/data/raw_pdfs/dnv-class_2026-04/DNV-OS-D301.pdf,DNV-OS-D301.pdf,pending,3
dnv_dnv_class_2026_04_dnv_os_e101_a51d9168,DNV,GENERAL,C:/projects/MaritimeRAG/data/raw_pdfs/dnv-class_2026-04/DNV-OS-E101.pdf,DNV-OS-E101.pdf,pending,3
dnv_dnv_class_2026_04_dnv_os_e201_37745b05,DNV,GENERAL,C:/projects/MaritimeRAG/data/raw_pdfs/dnv-class_2026-04/DNV-OS-E201.pdf,DNV-OS-E201.pdf,pending,3
dnv_dnv_class_2026_04_dnv_os_e301_d9b3e0c1,DNV,GENERAL,C:/projects/MaritimeRAG/data/raw_pdfs/dnv-class_2026-04/DNV-OS-E301.pdf,DNV-OS-E301.pdf,pending,3
dnv_dnv_class_2026_04_dnv_os_e302_3695e8f4,DNV,GENERAL,C:/projects/MaritimeRAG/data/raw_pdfs/dnv-class_2026-04/DNV-OS-E302.pdf,DNV-OS-E302.pdf,pending,3
dnv_dnv_class_2026_04_dnv_os_e303_c1b9265b,DNV,GENERAL,C:/projects/MaritimeRAG/data/raw_pdfs/dnv-class_2026-04/DNV-OS-E303.pdf,DNV-OS-E303.pdf,pending,3
dnv_dnv_class_2026_04_dnv_os_e304_3d14aa6e,DNV,GENERAL,C:/projects/MaritimeRAG/data/raw_pdfs/dnv-class_2026-04/DNV-OS-E304.pdf,DNV-OS-E304.pdf,pending,3
dnv_dnv_class_2026_04_dnv_os_e401_aaa81135,DNV,GENERAL,C:/projects/MaritimeRAG/data/raw_pdfs/dnv-class_2026-04/DNV-OS-E401.pdf,DNV-OS-E401.pdf,pending,3
dnv_dnv_class_2026_04_dnv_os_e402_bf55a422,DNV,GENERAL,C:/projects/MaritimeRAG/data/raw_pdfs/dnv-class_2026-04/DNV-OS-E402.pdf,DNV-OS-E402.pdf,pending,3
dnv_dnv_class_2026_04_dnv_os_e403_bb793aee,DNV,GENERAL,C:/projects/MaritimeRAG/data/raw_pdfs/dnv-class_2026-04/DNV-OS-E403.pdf,DNV-OS-E403.pdf,pending,3
dnv_dnv_class_2026_04_dnv_ru_fd_f24a6b59,DNV,RULES,C:/projects/MaritimeRAG/data/raw_pdfs/dnv-class_2026-04/DNV-RU-FD.pdf,DNV-RU-FD.pdf,pending,3
dnv_dnv_class_2026_04_dnv_ru_gen_0587_c600a9d8,DNV,RULES,C:/projects/MaritimeRAG/data/raw_pdfs/dnv-class_2026-04/DNV-RU-GEN-0587.pdf,DNV-RU-GEN-0587.pdf,pending,1
dnv_dnv_class_2026_04_dnv_ru_hslc_pt1_27c9e174,DNV,RULES,C:/projects/MaritimeRAG/data/raw_pdfs/dnv-class_2026-04/DNV-RU-HSLC-Pt1.pdf,DNV-RU-HSLC-Pt1.pdf,pending,3
dnv_dnv_class_2026_04_dnv_ru_hslc_pt2_3c9103f7,DNV,RULES,C:/projects/MaritimeRAG/data/raw_pdfs/dnv-class_2026-04/DNV-RU-HSLC-Pt2.pdf,DNV-RU-HSLC-Pt2.pdf,pending,3
dnv_dnv_class_2026_04_dnv_ru_hslc_pt3_6c6b6333,DNV,RULES,C:/projects/MaritimeRAG/data/raw_pdfs/dnv-class_2026-04/DNV-RU-HSLC-Pt3.pdf,DNV-RU-HSLC-Pt3.pdf,pending,3
dnv_dnv_class_2026_04_dnv_ru_hslc_pt4_8762dd67,DNV,RULES,C:/projects/MaritimeRAG/data/raw_pdfs/dnv-class_2026-04/DNV-RU-HSLC-Pt4.pdf,DNV-RU-HSLC-Pt4.pdf,pending,3
dnv_dnv_class_2026_04_dnv_ru_hslc_pt5_1eba7b70,DNV,RULES,C:/projects/MaritimeRAG/data/raw_pdfs/dnv-class_2026-04/DNV-RU-HSLC-Pt5.pdf,DNV-RU-HSLC-Pt5.pdf,pending,3
dnv_dnv_class_2026_04_dnv_ru_hslc_pt6_b2af9114,DNV,RULES,C:/projects/MaritimeRAG/data/raw_pdfs/dnv-class_2026-04/DNV-RU-HSLC-Pt6.pdf,DNV-RU-HSLC-Pt6.pdf,pending,3
dnv_dnv_class_2026_04_dnv_ru_hslc_pt7_ef0241d9,DNV,RULES,C:/projects/MaritimeRAG/data/raw_pdfs/dnv-class_2026-04/DNV-RU-HSLC-Pt7.pdf,DNV-RU-HSLC-Pt7.pdf,pending,3
dnv_dnv_class_2026_04_dnv_ru_inv_pt1_e4fcc6e6,DNV,RULES,C:/projects/MaritimeRAG/data/raw_pdfs/dnv-class_2026-04/DNV-RU-INV-Pt1.pdf,DNV-RU-INV-Pt1.pdf,pending,3
dnv_dnv_class_2026_04_dnv_ru_inv_pt2_3216713f,DNV,RULES,C:/projects/MaritimeRAG/data/raw_pdfs/dnv-class_2026-04/DNV-RU-INV-Pt2.pdf,DNV-RU-INV-Pt2.pdf,pending,3
dnv_dnv_class_2026_04_dnv_ru_inv_pt3_848f2840,DNV,RULES,C:/projects/MaritimeRAG/data/raw_pdfs/dnv-class_2026-04/DNV-RU-INV-Pt3.pdf,DNV-RU-INV-Pt3.pdf,pending,3
dnv_dnv_class_2026_04_dnv_ru_inv_pt4_c67d7693,DNV,RULES,C:/projects/MaritimeRAG/data/raw_pdfs/dnv-class_2026-04/DNV-RU-INV-Pt4.pdf,DNV-RU-INV-Pt4.pdf,pending,3
dnv_dnv_class_2026_04_dnv_ru_inv_pt5_fda47d45,DNV,RULES,C:/projects/MaritimeRAG/data/raw_pdfs/dnv-class_2026-04/DNV-RU-INV-Pt5.pdf,DNV-RU-INV-Pt5.pdf,pending,3
dnv_dnv_class_2026_04_dnv_ru_inv_pt6_6660a8f1,DNV,RULES,C:/projects/MaritimeRAG/data/raw_pdfs/dnv-class_2026-04/DNV-RU-INV-Pt6.pdf,DNV-RU-INV-Pt6.pdf,pending,3
dnv_dnv_class_2026_04_dnv_ru_inv_pt7_4f30f9f0,DNV,RULES,C:/projects/MaritimeRAG/data/raw_pdfs/dnv-class_2026-04/DNV-RU-INV-Pt7.pdf,DNV-RU-INV-Pt7.pdf,pending,3
dnv_dnv_class_2026_04_dnv_ru_nav_pt1_e9ac8fb7,DNV,RULES,C:/projects/MaritimeRAG/data/raw_pdfs/dnv-class_2026-04/DNV-RU-NAV-Pt1.pdf,DNV-RU-NAV-Pt1.pdf,pending,3
dnv_dnv_class_2026_04_dnv_ru_nav_pt2_f1c638e0,DNV,RULES,C:/projects/MaritimeRAG/data/raw_pdfs/dnv-class_2026-04/DNV-RU-NAV-Pt2.pdf,DNV-RU-NAV-Pt2.pdf,pending,3
dnv_dnv_class_2026_04_dnv_ru_nav_pt3_78e4b9a7,DNV,RULES,C:/projects/MaritimeRAG/data/raw_pdfs/dnv-class_2026-04/DNV-RU-NAV-Pt3.pdf,DNV-RU-NAV-Pt3.pdf,pending,3
dnv_dnv_class_2026_04_dnv_ru_nav_pt4_9f01163b,DNV,RULES,C:/projects/MaritimeRAG/data/raw_pdfs/dnv-class_2026-04/DNV-RU-NAV-Pt4.pdf,DNV-RU-NAV-Pt4.pdf,pending,3
dnv_dnv_class_2026_04_dnv_ru_nav_pt5_8004b582,DNV,RULES,C:/projects/MaritimeRAG/data/raw_pdfs/dnv-class_2026-04/DNV-RU-NAV-Pt5.pdf,DNV-RU-NAV-Pt5.pdf,pending,3
dnv_dnv_class_2026_04_dnv_ru_nav_pt6_ff0c429b,DNV,RULES,C:/projects/MaritimeRAG/data/raw_pdfs/dnv-class_2026-04/DNV-RU-NAV-Pt6.pdf,DNV-RU-NAV-Pt6.pdf,pending,3
dnv_dnv_class_2026_04_dnv_ru_nav_pt7_39075f14,DNV,RULES,C:/projects/MaritimeRAG/data/raw_pdfs/dnv-class_2026-04/DNV-RU-NAV-Pt7.pdf,DNV-RU-NAV-Pt7.pdf,pending,3
dnv_dnv_class_2026_04_dnv_ru_nav_pt8_ac95528c,DNV,RULES,C:/projects/MaritimeRAG/data/raw_pdfs/dnv-class_2026-04/DNV-RU-NAV-Pt8.pdf,DNV-RU-NAV-Pt8.pdf,pending,3
dnv_dnv_class_2026_04_dnv_ru_ou_0101_db542808,DNV,RULES,C:/projects/MaritimeRAG/data/raw_pdfs/dnv-class_2026-04/DNV-RU-OU-0101.pdf,DNV-RU-OU-0101.pdf,pending,3
dnv_dnv_class_2026_04_dnv_ru_ou_0102_415c4c67,DNV,RULES,C:/projects/MaritimeRAG/data/raw_pdfs/dnv-class_2026-04/DNV-RU-OU-0102.pdf,DNV-RU-OU-0102.pdf,pending,3
dnv_dnv_class_2026_04_dnv_ru_ou_0103_d36c5d60,DNV,RULES,C:/projects/MaritimeRAG/data/raw_pdfs/dnv-class_2026-04/DNV-RU-OU-0103.pdf,DNV-RU-OU-0103.pdf,pending,3
dnv_dnv_class_2026_04_dnv_ru_ou_0104_330e4215,DNV,RULES,C:/projects/MaritimeRAG/data/raw_pdfs/dnv-class_2026-04/DNV-RU-OU-0104.pdf,DNV-RU-OU-0104.pdf,pending,3
dnv_dnv_class_2026_04_dnv_ru_ou_0294_98c052f5,DNV,RULES,C:/projects/MaritimeRAG/data/raw_pdfs/dnv-class_2026-04/DNV-RU-OU-0294.pdf,DNV-RU-OU-0294.pdf,pending,3
dnv_dnv_class_2026_04_dnv_ru_ou_0300_872811a5,DNV,RULES,C:/projects/MaritimeRAG/data/raw_pdfs/dnv-class_2026-04/DNV-RU-OU-0300.pdf,DNV-RU-OU-0300.pdf,pending,3
dnv_dnv_class_2026_04_dnv_ru_ou_0375_65adb79b,DNV,RULES,C:/projects/MaritimeRAG/data/raw_pdfs/dnv-class_2026-04/DNV-RU-OU-0375.pdf,DNV-RU-OU-0375.pdf,pending,3
dnv_dnv_class_2026_04_dnv_ru_ou_0503_60d73743,DNV,RULES,C:/projects/MaritimeRAG/data/raw_pdfs/dnv-class_2026-04/DNV-RU-OU-0503.pdf,DNV-RU-OU-0503.pdf,pending,3
dnv_dnv_class_2026_04_dnv_ru_ou_0512_f9919a86,DNV,RULES,C:/projects/MaritimeRAG/data/raw_pdfs/dnv-class_2026-04/DNV-RU-OU-0512.pdf,DNV-RU-OU-0512.pdf,pending,3
dnv_dnv_class_2026_04_dnv_ru_ou_0571_bb9b7e3b,DNV,RULES,C:/projects/MaritimeRAG/data/raw_pdfs/dnv-class_2026-04/DNV-RU-OU-0571.pdf,DNV-RU-OU-0571.pdf,pending,3
dnv_dnv_class_2026_04_dnv_ru_ship_pt1_76cc67e6,DNV,RULES,C:/projects/MaritimeRAG/data/raw_pdfs/dnv-class_2026-04/DNV-RU-SHIP-Pt1.pdf,DNV-RU-SHIP-Pt1.pdf,pending,1
dnv_dnv_class_2026_04_dnv_ru_ship_pt2_5f52aa6d,DNV,RULES,C:/projects/MaritimeRAG/data/raw_pdfs/dnv-class_2026-04/DNV-RU-SHIP-Pt2.pdf,DNV-RU-SHIP-Pt2.pdf,pending,1
dnv_dnv_class_2026_04_dnv_ru_ship_pt3_1d191f28,DNV,RULES,C:/projects/MaritimeRAG/data/raw_pdfs/dnv-class_2026-04/DNV-RU-SHIP-Pt3.pdf,DNV-RU-SHIP-Pt3.pdf,pending,1
dnv_dnv_class_2026_04_dnv_ru_ship_pt4_1e9898f6,DNV,RULES,C:/projects/MaritimeRAG/data/raw_pdfs/dnv-class_2026-04/DNV-RU-SHIP-Pt4.pdf,DNV-RU-SHIP-Pt4.pdf,pending,1
dnv_dnv_class_2026_04_dnv_ru_ship_pt5_169c0466,DNV,RULES,C:/projects/MaritimeRAG/data/raw_pdfs/dnv-class_2026-04/DNV-RU-SHIP-Pt5.pdf,DNV-RU-SHIP-Pt5.pdf,pending,1
dnv_dnv_class_2026_04_dnv_ru_ship_pt6_5600872c,DNV,RULES,C:/projects/MaritimeRAG/data/raw_pdfs/dnv-class_2026-04/DNV-RU-SHIP-Pt6.pdf,DNV-RU-SHIP-Pt6.pdf,pending,1
dnv_dnv_class_2026_04_dnv_ru_ship_pt7_d97537dd,DNV,RULES,C:/projects/MaritimeRAG/data/raw_pdfs/dnv-class_2026-04/DNV-RU-SHIP-Pt7.pdf,DNV-RU-SHIP-Pt7.pdf,pending,1
dnv_dnv_class_2026_04_dnv_ru_ship_pt8_ad03f1ad,DNV,RULES,C:/projects/MaritimeRAG/data/raw_pdfs/dnv-class_2026-04/DNV-RU-SHIP-Pt8.pdf,DNV-RU-SHIP-Pt8.pdf,pending,1
dnv_dnv_class_2026_04_dnv_ru_uwt_pt1_e143f579,DNV,RULES,C:/projects/MaritimeRAG/data/raw_pdfs/dnv-class_2026-04/DNV-RU-UWT-Pt1.pdf,DNV-RU-UWT-Pt1.pdf,pending,3
dnv_dnv_class_2026_04_dnv_ru_uwt_pt2_eba91712,DNV,RULES,C:/projects/MaritimeRAG/data/raw_pdfs/dnv-class_2026-04/DNV-RU-UWT-Pt2.pdf,DNV-RU-UWT-Pt2.pdf,pending,3
dnv_dnv_class_2026_04_dnv_ru_uwt_pt3_5cf0157a,DNV,RULES,C:/projects/MaritimeRAG/data/raw_pdfs/dnv-class_2026-04/DNV-RU-UWT-Pt3.pdf,DNV-RU-UWT-Pt3.pdf,pending,3
dnv_dnv_class_2026_04_dnv_ru_uwt_pt4_2acf6cbd,DNV,RULES,C:/projects/MaritimeRAG/data/raw_pdfs/dnv-class_2026-04/DNV-RU-UWT-Pt4.pdf,DNV-RU-UWT-Pt4.pdf,pending,3
dnv_dnv_class_2026_04_dnv_ru_uwt_pt5_6e74f6c6,DNV,RULES,C:/projects/MaritimeRAG/data/raw_pdfs/dnv-class_2026-04/DNV-RU-UWT-Pt5.pdf,DNV-RU-UWT-Pt5.pdf,pending,3
dnv_dnv_class_2026_04_dnv_ru_uwt_pt6_e87ca473,DNV,RULES,C:/projects/MaritimeRAG/data/raw_pdfs/dnv-class_2026-04/DNV-RU-UWT-Pt6.pdf,DNV-RU-UWT-Pt6.pdf,pending,3
dnv_dnv_class_2026_04_dnv_ru_uwt_pt7_be8c9c4f,DNV,RULES,C:/projects/MaritimeRAG/data/raw_pdfs/dnv-class_2026-04/DNV-RU-UWT-Pt7.pdf,DNV-RU-UWT-Pt7.pdf,pending,3
dnv_dnv_class_2026_04_dnv_ru_yacht_pt1_e23f22e3,DNV,RULES,C:/projects/MaritimeRAG/data/raw_pdfs/dnv-class_2026-04/DNV-RU-YACHT-Pt1.pdf,DNV-RU-YACHT-Pt1.pdf,pending,3
dnv_dnv_class_2026_04_dnv_ru_yacht_pt2_7cade500,DNV,RULES,C:/projects/MaritimeRAG/data/raw_pdfs/dnv-class_2026-04/DNV-RU-YACHT-Pt2.pdf,DNV-RU-YACHT-Pt2.pdf,pending,3
dnv_dnv_class_2026_04_dnv_ru_yacht_pt3_6dcb2bd3,DNV,RULES,C:/projects/MaritimeRAG/data/raw_pdfs/dnv-class_2026-04/DNV-RU-YACHT-Pt3.pdf,DNV-RU-YACHT-Pt3.pdf,pending,3
dnv_dnv_class_2026_04_dnv_ru_yacht_pt4_16ea457b,DNV,RULES,C:/projects/MaritimeRAG/data/raw_pdfs/dnv-class_2026-04/DNV-RU-YACHT-Pt4.pdf,DNV-RU-YACHT-Pt4.pdf,pending,3
dnv_dnv_class_2026_04_dnv_ru_yacht_pt5_f3f29a93,DNV,RULES,C:/projects/MaritimeRAG/data/raw_pdfs/dnv-class_2026-04/DNV-RU-YACHT-Pt5.pdf,DNV-RU-YACHT-Pt5.pdf,pending,3
dnv_dnv_class_2026_04_dnv_ru_yacht_pt6_557ce16e,DNV,RULES,C:/projects/MaritimeRAG/data/raw_pdfs/dnv-class_2026-04/DNV-RU-YACHT-Pt6.pdf,DNV-RU-YACHT-Pt6.pdf,pending,3
dnv_dnv_class_2026_04_dnv_ru_yacht_pt7_4e5d2d7d,DNV,RULES,C:/projects/MaritimeRAG/data/raw_pdfs/dnv-class_2026-04/DNV-RU-YACHT-Pt7.pdf,DNV-RU-YACHT-Pt7.pdf,pending,3
dnv_dnv_class_2026_04_dnv_ru_yacht_pt8_7c9b3ed7,DNV,RULES,C:/projects/MaritimeRAG/data/raw_pdfs/dnv-class_2026-04/DNV-RU-YACHT-Pt8.pdf,DNV-RU-YACHT-Pt8.pdf,pending,3
dnv_dnv_class_2026_04_dnv_si_0003_62a5f8c4,DNV,GENERAL,C:/projects/MaritimeRAG/data/raw_pdfs/dnv-class_2026-04/DNV-SI-0003.pdf,DNV-SI-0003.pdf,pending,3
dnv_dnv_class_2026_04_dnv_si_0166_0bc2b0a9,DNV,GENERAL,C:/projects/MaritimeRAG/data/raw_pdfs/dnv-class_2026-04/DNV-SI-0166.pdf,DNV-SI-0166.pdf,pending,3
dnv_dnv_class_2026_04_dnv_si_0167_3fea1121,DNV,GENERAL,C:/projects/MaritimeRAG/data/raw_pdfs/dnv-class_2026-04/DNV-SI-0167.pdf,DNV-SI-0167.pdf,pending,3
dnv_dnv_class_2026_04_dnv_si_0289_f59a4327,DNV,GENERAL,C:/projects/MaritimeRAG/data/raw_pdfs/dnv-class_2026-04/DNV-SI-0289.pdf,DNV-SI-0289.pdf,pending,3
dnv_dnv_class_2026_04_dnv_si_0364_c3a50163,DNV,GENERAL,C:/projects/MaritimeRAG/data/raw_pdfs/dnv-class_2026-04/DNV-SI-0364.pdf,DNV-SI-0364.pdf,pending,3
dnv_dnv_class_2026_04_dnv_si_0551_3ad8ede5,DNV,GENERAL,C:/projects/MaritimeRAG/data/raw_pdfs/dnv-class_2026-04/DNV-SI-0551.pdf,DNV-SI-0551.pdf,pending,3
dnv_dnv_class_2026_04_dnv_si_0552_ef163b32,DNV,GENERAL,C:/projects/MaritimeRAG/data/raw_pdfs/dnv-class_2026-04/DNV-SI-0552.pdf,DNV-SI-0552.pdf,pending,3
dnv_dnv_class_2026_04_dnvgl_ru_gen_0050_9b84f6c7,DNV,RULES,C:/projects/MaritimeRAG/data/raw_pdfs/dnv-class_2026-04/DNVGL-RU-GEN-0050.pdf,DNVGL-RU-GEN-0050.pdf,pending,3
kr_kr_rules_10_2025_2511c19b,KR,GENERAL,C:/projects/MaritimeRAG/data/raw_pdfs/KR Rules/10편_2025.pdf,10편_2025.pdf,pending,3
kr_kr_rules_11_2014_1a998cbe,KR,GENERAL,C:/projects/MaritimeRAG/data/raw_pdfs/KR Rules/11편_2014.pdf,11편_2014.pdf,pending,3
kr_kr_rules_12_2014_d1db5288,KR,GENERAL,C:/projects/MaritimeRAG/data/raw_pdfs/KR Rules/12편_2014.pdf,12편_2014.pdf,pending,3
kr_kr_rules_13_2025_50b24c68,KR,GENERAL,C:/projects/MaritimeRAG/data/raw_pdfs/KR Rules/13편_2025.pdf,13편_2025.pdf,pending,3
kr_kr_rules_14_2025_d70e1b60,KR,GENERAL,C:/projects/MaritimeRAG/data/raw_pdfs/KR Rules/14편_2025.pdf,14편_2025.pdf,pending,3
kr_kr_rules_15_2025_6bbdac51,KR,GENERAL,C:/projects/MaritimeRAG/data/raw_pdfs/KR Rules/15편_2025.pdf,15편_2025.pdf,pending,3
kr_1_2025,KR,GENERAL,C:/projects/MaritimeRAG/data/raw_pdfs/KR Rules/1편_2025.pdf,1편_2025.pdf,pending,3
kr_kr_rules_2_2025_6bdd7355,KR,GENERAL,C:/projects/MaritimeRAG/data/raw_pdfs/KR Rules/2편_2025.pdf,2편_2025.pdf,pending,3
kr_kr_rules_3_2025_d82903a5,KR,GENERAL,C:/projects/MaritimeRAG/data/raw_pdfs/KR Rules/3편_2025.pdf,3편_2025.pdf,pending,3
kr_kr_rules_4_2025_b57c2e37,KR,GENERAL,C:/projects/MaritimeRAG/data/raw_pdfs/KR Rules/4편_2025.pdf,4편_2025.pdf,pending,3
kr_kr_rules_5_2025_9f6ccf37,KR,GENERAL,C:/projects/MaritimeRAG/data/raw_pdfs/KR Rules/5편_2025.pdf,5편_2025.pdf,pending,3
kr_kr_rules_6_2025_ad577ae8,KR,GENERAL,C:/projects/MaritimeRAG/data/raw_pdfs/KR Rules/6편_2025.pdf,6편_2025.pdf,pending,3
kr_kr_rules_7_5_6_2025_482e9b2b,KR,GENERAL,"C:/projects/MaritimeRAG/data/raw_pdfs/KR Rules/7편(5,6장)_2025.pdf","7편(5,6장)_2025.pdf",pending,3
kr_kr_rules_7_2025_2f2d6373,KR,GENERAL,C:/projects/MaritimeRAG/data/raw_pdfs/KR Rules/7편_2025.pdf,7편_2025.pdf,pending,3
kr_kr_rules_8_2025_7604a4ee,KR,GENERAL,C:/projects/MaritimeRAG/data/raw_pdfs/KR Rules/8편_2025.pdf,8편_2025.pdf,pending,3
kr_kr_rules_9_2025_32c5c884,KR,GENERAL,C:/projects/MaritimeRAG/data/raw_pdfs/KR Rules/9편_2025.pdf,9편_2025.pdf,pending,3
kr_kr_rules_circular_k_total_2026_d5302491,KR,GENERAL,C:/projects/MaritimeRAG/data/raw_pdfs/KR Rules/Circular (K) Total_2026.pdf,Circular (K) Total_2026.pdf,pending,3
kr_kr_rules_cng_2011_64616c6c,KR,GENERAL,C:/projects/MaritimeRAG/data/raw_pdfs/KR Rules/CNG 산적운반선 지침_2011.pdf,CNG 산적운반선 지침_2011.pdf,pending,3
kr_kr_rules_frp_2020_d90e0b9c,KR,GENERAL,C:/projects/MaritimeRAG/data/raw_pdfs/KR Rules/FRP선 규칙_2020.pdf,FRP선 규칙_2020.pdf,pending,3
kr_kr_rules_guidance_for_strength_assessment_of_membrane_type_lng_tanks_under_sloshing_loads_2022_0ccd266a,KR,GUIDANCE,C:/projects/MaritimeRAG/data/raw_pdfs/KR Rules/Guidance for Strength Assessment of Membrane-Type LNG Tanks under Sloshing Loads_2022.pdf,Guidance for Strength Assessment of Membrane-Type LNG Tanks under Sloshing Loads_2022.pdf,pending,3
kr_kr_rules_new_notation_kor_0_3e1593c1,KR,GENERAL,C:/projects/MaritimeRAG/data/raw_pdfs/KR Rules/New Notation(Kor)(0).pdf,New Notation(Kor)(0).pdf,pending,3
kr_kr_rules_wig_2019_0bbbbcfd,KR,GENERAL,C:/projects/MaritimeRAG/data/raw_pdfs/KR Rules/WIG선 기준_2019.pdf,WIG선 기준_2019.pdf,pending,3
kr_kr_rules_2023_f0917400,KR,GENERAL,C:/projects/MaritimeRAG/data/raw_pdfs/KR Rules/감염병 확산 방지 설계 선박 지침_2023.pdf,감염병 확산 방지 설계 선박 지침_2023.pdf,pending,3
kr_kr_rules_2025_eb3fab6e,KR,GENERAL,C:/projects/MaritimeRAG/data/raw_pdfs/KR Rules/강재부선 규칙_2025.pdf,강재부선 규칙_2025.pdf,pending,3
kr_kr_rules_2025_57bac298,KR,GENERAL,C:/projects/MaritimeRAG/data/raw_pdfs/KR Rules/고속경구조선 규칙_2025.pdf,고속경구조선 규칙_2025.pdf,pending,3
kr_kr_rules_2023_6ac72586,KR,GENERAL,C:/projects/MaritimeRAG/data/raw_pdfs/KR Rules/고정식 해양구조물 규칙_2023.pdf,고정식 해양구조물 규칙_2023.pdf,pending,3
kr_kr_rules_2022_9ec877f3,KR,GENERAL,C:/projects/MaritimeRAG/data/raw_pdfs/KR Rules/기술규칙 해석사례집_국문_2022.pdf,기술규칙 해석사례집_국문_2022.pdf,pending,3
kr_kr_rules_2014_5be2e49c,KR,GENERAL,C:/projects/MaritimeRAG/data/raw_pdfs/KR Rules/대형요트 지침_2014.pdf,대형요트 지침_2014.pdf,pending,3
kr_kr_rules_2021_79ee1ebf,KR,GENERAL,C:/projects/MaritimeRAG/data/raw_pdfs/KR Rules/복합재료 프로펠러 지침_2021.pdf,복합재료 프로펠러 지침_2021.pdf,pending,3
kr_kr_rules_2022_bff5d6ac,KR,GENERAL,C:/projects/MaritimeRAG/data/raw_pdfs/KR Rules/부선예항검사 규칙_2022.pdf,부선예항검사 규칙_2022.pdf,pending,3
kr_kr_rules_2023_859b28c9,KR,GENERAL,C:/projects/MaritimeRAG/data/raw_pdfs/KR Rules/부유식 생산구조물 지침_2023.pdf,부유식 생산구조물 지침_2023.pdf,pending,3
kr_kr_rules_2019_38118f87,KR,GENERAL,C:/projects/MaritimeRAG/data/raw_pdfs/KR Rules/부유식 액화가스 생산구조물 지침_2019.pdf,부유식 액화가스 생산구조물 지침_2019.pdf,pending,3
kr_kr_rules_2019_4651194a,KR,GENERAL,C:/projects/MaritimeRAG/data/raw_pdfs/KR Rules/부유식 액화가스 재기화구조물 지침_2019.pdf,부유식 액화가스 재기화구조물 지침_2019.pdf,pending,3
kr_kr_rules_2018_5852ebea,KR,GENERAL,C:/projects/MaritimeRAG/data/raw_pdfs/KR Rules/부유식 액화천연가스 벙커링 터미널 지침_2018.pdf,부유식 액화천연가스 벙커링 터미널 지침_2018.pdf,pending,3
kr_kr_rules_2024_3411aaea,KR,GENERAL,C:/projects/MaritimeRAG/data/raw_pdfs/KR Rules/부유식 해상구조물 기준_2024.pdf,부유식 해상구조물 기준_2024.pdf,pending,3
kr_kr_rules_2025_41f5a260,KR,GENERAL,C:/projects/MaritimeRAG/data/raw_pdfs/KR Rules/빙해운항선박 지침_2025.pdf,빙해운항선박 지침_2025.pdf,pending,3
kr_kr_rules_2017_d193e100,KR,GENERAL,C:/projects/MaritimeRAG/data/raw_pdfs/KR Rules/상가대 지침_2017.pdf,상가대 지침_2017.pdf,pending,3
kr_kr_rules_2025_691253c1,KR,GENERAL,C:/projects/MaritimeRAG/data/raw_pdfs/KR Rules/선급 및 강선규칙_통합본 2025.pdf,선급 및 강선규칙_통합본 2025.pdf,pending,3
kr_kr_rules_2025_edad6435,KR,GENERAL,C:/projects/MaritimeRAG/data/raw_pdfs/KR Rules/선급기술규칙 안내서_2025.pdf,선급기술규칙 안내서_2025.pdf,pending,3
kr_kr_rules_2025_6f9f069b,KR,GENERAL,C:/projects/MaritimeRAG/data/raw_pdfs/KR Rules/선급부호 안내서_2025.pdf,선급부호 안내서_2025.pdf,pending,3
kr_kr_rules_2025_a4566a9f,KR,GENERAL,C:/projects/MaritimeRAG/data/raw_pdfs/KR Rules/선박 및 시스템의 사이버복원력 지침_2025.pdf,선박 및 시스템의 사이버복원력 지침_2025.pdf,pending,3
kr_kr_rules_2025_592bd1a7,KR,GENERAL,C:/projects/MaritimeRAG/data/raw_pdfs/KR Rules/선박용 배터리시스템 지침_2025.pdf,선박용 배터리시스템 지침_2025.pdf,pending,3
kr_kr_rules_2024_89e8b8b8,KR,GENERAL,C:/projects/MaritimeRAG/data/raw_pdfs/KR Rules/선박용 연료전지 시스템 지침_2024.pdf,선박용 연료전지 시스템 지침_2024.pdf,pending,3
kr_kr_rules_2024_4837f8bd,KR,GENERAL,C:/projects/MaritimeRAG/data/raw_pdfs/KR Rules/선박의 방사 소음 지침_2024.pdf,선박의 방사 소음 지침_2024.pdf,pending,3
kr_kr_rules_2025_96343603,KR,GENERAL,C:/projects/MaritimeRAG/data/raw_pdfs/KR Rules/선박의 환경보호 설비에 관한 지침_2025.pdf,선박의 환경보호 설비에 관한 지침_2025.pdf,pending,3
kr_kr_rules_2020_012dcb00,KR,GENERAL,C:/projects/MaritimeRAG/data/raw_pdfs/KR Rules/소음 및 진동 지침_2020.pdf,소음 및 진동 지침_2020.pdf,pending,3
kr_kr_rules_2025_398ad54b,KR,GENERAL,C:/projects/MaritimeRAG/data/raw_pdfs/KR Rules/스마트 시스템 지침_2025.pdf,스마트 시스템 지침_2025.pdf,pending,3
kr_kr_rules_2020_6888f398,KR,GENERAL,C:/projects/MaritimeRAG/data/raw_pdfs/KR Rules/스프링잉을 고려한 피로강도 평가 지침_2020.pdf,스프링잉을 고려한 피로강도 평가 지침_2020.pdf,pending,3
kr_kr_rules_2021_2b682b73,KR,GENERAL,C:/projects/MaritimeRAG/data/raw_pdfs/KR Rules/액화가스 산적운반선-연료추진선 열전달 해석 지침_2021.pdf,액화가스 산적운반선-연료추진선 열전달 해석 지침_2021.pdf,pending,3
kr_kr_rules_24_2023_b67232b2,KR,GENERAL,C:/projects/MaritimeRAG/data/raw_pdfs/KR Rules/액화석유가스를 연료로 사용하는 24미터 미만의 선박 잠정지침_2023.pdf,액화석유가스를 연료로 사용하는 24미터 미만의 선박 잠정지침_2023.pdf,pending,3
kr_kr_rules_2017_77388234,KR,GENERAL,C:/projects/MaritimeRAG/data/raw_pdfs/KR Rules/액화천연가스 운반선 펌프타워 구조강도평가 지침_2017.pdf,액화천연가스 운반선 펌프타워 구조강도평가 지침_2017.pdf,pending,3
kr_kr_rules_2021_5926e810,KR,GENERAL,C:/projects/MaritimeRAG/data/raw_pdfs/KR Rules/액화천연가스연료 준비선박 지침_2021.pdf,액화천연가스연료 준비선박 지침_2021.pdf,pending,3
kr_kr_rules_2023_6c4dc1be,KR,GENERAL,C:/projects/MaritimeRAG/data/raw_pdfs/KR Rules/원격검사 지침_2023.pdf,원격검사 지침_2023.pdf,pending,3
kr_kr_rules_2025_e0b6b9cb,KR,GENERAL,C:/projects/MaritimeRAG/data/raw_pdfs/KR Rules/원격검사기술 지침_2025.pdf,원격검사기술 지침_2025.pdf,pending,3
kr_kr_rules_2015_784e757a,KR,GENERAL,C:/projects/MaritimeRAG/data/raw_pdfs/KR Rules/위험도기반 선박설계 승인지침_2015.pdf,위험도기반 선박설계 승인지침_2015.pdf,pending,3
kr_kr_rules_2024_06589ada,KR,GENERAL,C:/projects/MaritimeRAG/data/raw_pdfs/KR Rules/이동식 해양구조물 규칙_2024.pdf,이동식 해양구조물 규칙_2024.pdf,pending,3
kr_kr_rules_2023_da125df2,KR,GENERAL,C:/projects/MaritimeRAG/data/raw_pdfs/KR Rules/이동식 해양굴착구조물 규칙_2023.pdf,이동식 해양굴착구조물 규칙_2023.pdf,pending,3
kr_kr_rules_2017_66c671e3,KR,GENERAL,C:/projects/MaritimeRAG/data/raw_pdfs/KR Rules/일점계류장치 지침_2017.pdf,일점계류장치 지침_2017.pdf,pending,3
kr_kr_rules_2025_83dcb7d6,KR,GENERAL,C:/projects/MaritimeRAG/data/raw_pdfs/KR Rules/자율운항선박 지침_2025.pdf,자율운항선박 지침_2025.pdf,pending,3
kr_kr_rules_2025_cce00eeb,KR,GENERAL,C:/projects/MaritimeRAG/data/raw_pdfs/KR Rules/잠수선 규칙_2025.pdf,잠수선 규칙_2025.pdf,pending,3
kr_kr_rules_2025_6b416cae,KR,GENERAL,C:/projects/MaritimeRAG/data/raw_pdfs/KR Rules/저인화점연료선박 규칙_2025.pdf,저인화점연료선박 규칙_2025.pdf,pending,3
kr_kr_rules_2025_44d41c4a,KR,GENERAL,C:/projects/MaritimeRAG/data/raw_pdfs/KR Rules/전문공급자 승인 지침_2025.pdf,전문공급자 승인 지침_2025.pdf,pending,3
kr_kr_rules_2025_8b225898,KR,GENERAL,C:/projects/MaritimeRAG/data/raw_pdfs/KR Rules/제조법 및 형식승인 등에 관한 지침_2025.pdf,제조법 및 형식승인 등에 관한 지침_2025.pdf,pending,3
kr_kr_rules_2023_bd4c15e4,KR,GENERAL,C:/projects/MaritimeRAG/data/raw_pdfs/KR Rules/준설선 규칙_2023.pdf,준설선 규칙_2023.pdf,pending,3
kr_kr_rules_2025_849198c2,KR,GENERAL,C:/projects/MaritimeRAG/data/raw_pdfs/KR Rules/직류배전시스템 지침_2025.pdf,직류배전시스템 지침_2025.pdf,pending,3
kr_kr_rules_2022_7da18308,KR,GENERAL,C:/projects/MaritimeRAG/data/raw_pdfs/KR Rules/컴퓨터기반시스템 적합성 인증 지침_2022.pdf,컴퓨터기반시스템 적합성 인증 지침_2022.pdf,pending,3
kr_kr_rules_2021_56bff922,KR,GENERAL,C:/projects/MaritimeRAG/data/raw_pdfs/KR Rules/통합 소프트웨어 프로세스 관리 지침_2021.pdf,통합 소프트웨어 프로세스 관리 지침_2021.pdf,pending,3
kr_kr_rules_2024_5b29aa81,KR,GENERAL,C:/projects/MaritimeRAG/data/raw_pdfs/KR Rules/플로팅독 규칙_2024.pdf,플로팅독 규칙_2024.pdf,pending,3
kr_kr_rules_2023_159adeec,KR,GENERAL,C:/projects/MaritimeRAG/data/raw_pdfs/KR Rules/해상 기자재 사이버보안 적합성 인증 지침_2023.pdf,해상 기자재 사이버보안 적합성 인증 지침_2023.pdf,pending,3
kr_kr_rules_2025_0a9df471,KR,GENERAL,C:/projects/MaritimeRAG/data/raw_pdfs/KR Rules/해상 사이버보안 시스템 지침_2025.pdf,해상 사이버보안 시스템 지침_2025.pdf,pending,3
kr_kr_rules_osv_2024_006eaf1b,KR,GENERAL,C:/projects/MaritimeRAG/data/raw_pdfs/KR Rules/해상작업지원선(OSV) 지침_2024.pdf,해상작업지원선(OSV) 지침_2024.pdf,pending,3
kr_kr_rules_2025_f35f08fc,KR,GENERAL,C:/projects/MaritimeRAG/data/raw_pdfs/KR Rules/해상컨테이너 지침_2025.pdf,해상컨테이너 지침_2025.pdf,pending,3
kr_kr_rules_2018_24298276,KR,GENERAL,C:/projects/MaritimeRAG/data/raw_pdfs/KR Rules/해양레저선박 지침_2018.pdf,해양레저선박 지침_2018.pdf,pending,3
kr_kr_rules_2024_a7fb66d7,KR,GENERAL,C:/projects/MaritimeRAG/data/raw_pdfs/KR Rules/휘핑을 고려한 컨테이너선의 강도평가 지침_2024.pdf,휘핑을 고려한 컨테이너선의 강도평가 지침_2024.pdf,pending,3
